PLAYER,TEAM,2026,CH 25-26,ST 25-26,2027,CH 26-27,ST 26-27,2028,CH 27-28,ST 27-28,2029,CH 28-29,ST 28-29,2030,CH 29-30,ST 29-30,2031,CH 30-31,ST 30-31,TOTAL GUARANTEED (with 2024-25)
CJ McCollum,Atlanta,"$30,666,666","$30,666,666",GUARANTEED,,,,,,,,,,,,,,,,"$63,999,999"
Jalen Johnson,Atlanta,"$30,000,000","$30,000,000",GUARANTEED,"$30,000,000","$30,000,000",GUARANTEED,"$30,000,000","$30,000,000",GUARANTEED,"$30,000,000","$30,000,000",GUARANTEED,"$30,000,000","$30,000,000",GUARANTEED,,,,"$154,510,905"
Jonathan Kuminga,Atlanta,"$23,799,569","$23,799,569",GUARANTEED,"$24,300,000",$0,TEAM OPT,,,,,,,,,,,,,"$31,435,876"
Nickeil Alexander-Walker,Atlanta,"$15,161,800","$15,161,800",GUARANTEED,"$14,403,710","$14,403,710",GUARANTEED,"$15,161,800","$15,161,800",GUARANTEED,"$15,919,890","$15,919,890",PLAYER OPT,,,,,,,"$64,959,700"
Onyeka Okongwu,Atlanta,"$15,000,000","$15,000,000",GUARANTEED,"$16,120,000","$16,120,000",GUARANTEED,"$16,880,000","$16,880,000",GUARANTEED,,,,,,,,,,"$62,000,000"
Corey Kispert,Atlanta,"$13,975,000","$13,975,000",GUARANTEED,"$13,975,000","$13,975,000",GUARANTEED,"$13,050,000","$13,050,000",GUARANTEED,"$13,050,000",$0,TEAM OPT,,,,,,,"$46,705,887"
Zaccharie Risacher,Atlanta,"$13,197,720","$13,197,720",GUARANTEED,"$13,826,040","$16,120,000",GUARANTEED,"$17,434,636",$0,TEAM OPT,,,,,,,,,,"$39,592,800"
Gabe Vincent,Atlanta,"$11,500,000","$11,500,000",GUARANTEED,,,,,,,,,,,,,,,,"$22,500,000"
Buddy Hield,Atlanta,"$9,219,512","$9,219,512",GUARANTEED,"$9,658,536","$3,000,000",NOT G,"$10,097,560","$3,136,364",PLAYER OPT,,,,,,,,,,"$24,136,364"
Dyson Daniels,Atlanta,"$7,707,709","$7,707,709",GUARANTEED,"$25,000,000","$25,000,000",GUARANTEED,"$25,000,000","$25,000,000",GUARANTEED,"$25,000,000","$25,000,000",GUARANTEED,"$25,000,000","$25,000,000",GUARANTEED,,,,"$113,767,229"
Asa Newell,Atlanta,"$3,237,480","$3,237,480",GUARANTEED,"$3,399,480","$3,399,480",GUARANTEED,"$3,560,880",$0,TEAM OPT,"$6,042,813",$0,TEAM OPT,,,,,,,"$6,636,960"
Jock Landale,Atlanta,"$2,461,463","$2,296,274",GUARANTEED,,,,,,,,,,,,,,,,"$10,461,463"
Keaton Wallace,Atlanta,"$2,296,274","$2,296,274",GUARANTEED,,,,,,,,,,,,,,,,"$2,296,274"
Mouhamed Gueye,Atlanta,"$2,221,677","$2,221,677",GUARANTEED,"$2,406,205",$0,TEAM OPT,,,,,,,,,,,,,"$4,113,534"
Caleb Houstan,Atlanta,"$724,598","$699,440",GUARANTEED,,,,,,,,,,,,,,,,"$2,744,297"
RayJ Dennis,Atlanta,"$331,365",$0,TWO-WAY,"$679,042",$0,TWO-WAY,,,,,,,,,,,,,$0
Christian Koloko,Atlanta,"$279,891",$0,TWO-WAY,,,,,,,,,,,,,,,,$0
Jayson Tatum,Boston,"$54,126,450","$54,126,450",GUARANTEED,"$58,456,566","$58,456,566",GUARANTEED,"$62,786,682","$62,786,682",GUARANTEED,"$67,116,798","$67,116,798",GUARANTEED,"$71,446,914","$71,446,914",PLAYER OPT,,,,"$348,781,750"
Jaylen Brown,Boston,"$53,142,264","$53,142,264",GUARANTEED,"$57,078,728","$57,078,728",GUARANTEED,"$61,015,192","$61,015,192",GUARANTEED,"$64,951,656","$64,951,656",GUARANTEED,,,,,,,"$285,393,640"
Derrick White,Boston,"$28,100,000","$28,100,000",GUARANTEED,"$30,348,000","$30,348,000",GUARANTEED,"$32,596,000","$32,596,000",GUARANTEED,"$34,844,000","$34,844,000",PLAYER OPT,,,,,,,"$145,709,429"
Nikola Vucevic,Boston,"$21,481,481","$21,481,481",GUARANTEED,,,,,,,,,,,,,,,,"$41,481,481"
Sam Hauser,Boston,"$10,044,644","$10,044,644",GUARANTEED,"$10,848,215","$10,848,215",GUARANTEED,"$11,651,785","$11,651,785",GUARANTEED,"$12,455,356","$12,455,356",GUARANTEED,,,,,,,"$47,092,344"
Payton Pritchard,Boston,"$7,232,143","$7,232,143",GUARANTEED,"$7,767,857","$7,767,857",GUARANTEED,"$8,303,571","$8,303,571",GUARANTEED,,,,,,,,,,"$30,000,000"
Hugo Gonzalez,Boston,"$2,783,880","$2,783,880",GUARANTEED,"$2,923,560","$2,923,560",GUARANTEED,"$3,062,640",$0,TEAM OPT,"$5,528,065",$0,TEAM OPT,,,,,,,"$5,707,440"
Baylor Scheierman,Boston,"$2,619,000","$2,619,000",GUARANTEED,"$2,744,040","$2,744,040",GUARANTEED,"$4,952,992",$0,TEAM OPT,,,,,,,,,,"$7,857,360"
Luka Garza,Boston,"$2,461,463","$2,461,463",GUARANTEED,"$2,801,346","$2,801,346",GUARANTEED,,,,,,,,,,,,,"$7,425,415"
Neemias Queta,Boston,"$2,349,578","$2,349,578",GUARANTEED,"$2,667,944",$0,NOT G,,,,,,,,,,,,,"$4,512,184"
Jordan Walsh,Boston,"$2,221,677","$2,221,677",GUARANTEED,"$2,221,677",$0,TEAM OPT,,,,,,,,,,,,,"$4,113,534"
Ron Harper Jr,Boston,"$636,435",$0,TWO-WAY,,,,,,,,,,,,,,,,$0
Max Shulga,Boston,"$636,435",$0,TWO-WAY,,,,,,,,,,,,,,,,$0
Amari Williams,Boston,"$490,128","$490,128",GUARANTEED,"$2,150,917",$0,TEAM OPT,,,,,,,,,,,,,"$490,128"
Dalano Banton,Boston,"$141,463","$131,970",10-DAY,,,,,,,,,,,,,,,,"$2,328,940"
John Tonje,Boston,"$73,153","$73,153",10-DAY,,,,,,,,,,,,,,,,"$73,153"
Michael Porter,Brooklyn,"$38,333,050","$38,333,050",GUARANTEED,"$40,806,150","$40,806,150",GUARANTEED,,,,,,,,,,,,,"$114,999,150"
Nicolas Claxton,Brooklyn,"$25,352,272","$25,352,272",GUARANTEED,"$23,147,727","$23,147,727",GUARANTEED,"$20,943,184","$20,943,184",GUARANTEED,,,,,,,,,,"$97,000,000"
Terance Mann,Brooklyn,"$15,500,000","$15,500,000",GUARANTEED,"$15,500,000","$15,500,000",GUARANTEED,"$16,000,000","$16,000,000",GUARANTEED,,,,,,,,,,"$58,423,077"
Egor Demin,Brooklyn,"$6,889,200","$6,889,200",GUARANTEED,"$7,233,720","$7,233,720",GUARANTEED,"$7,578,240",$0,TEAM OPT,"$9,639,521",$0,TEAM OPT,,,,,,,"$14,122,920"
Ochai Agbaji,Brooklyn,"$6,383,525","$6,383,525",GUARANTEED,,,,,,,,,,,,,,,,"$10,693,805"
Day'Ron Sharpe,Brooklyn,"$6,250,000","$6,250,000",GUARANTEED,"$6,250,000",$0,TEAM OPT,,,,,,,,,,,,,"$10,239,122"
Ziaire Williams,Brooklyn,"$6,250,000","$6,250,000",GUARANTEED,"$6,250,000",$0,TEAM OPT,,,,,,,,,,,,,"$12,383,005"
Nolan Traore,Brooklyn,"$3,811,560","$3,811,560",GUARANTEED,"$4,002,000","$4,002,000",GUARANTEED,"$4,193,040",$0,TEAM OPT,"$6,457,282",$0,TEAM OPT,,,,,,,"$7,813,560"
Noah Clowney,Brooklyn,"$3,398,640","$3,398,640",GUARANTEED,"$5,414,034","$5,414,034",GUARANTEED,,,,,,,,,,,,,"$12,056,754"
Drake Powell,Brooklyn,"$3,372,240","$3,372,240",GUARANTEED,"$3,540,600","$3,540,600",GUARANTEED,"$3,709,320",$0,TEAM OPT,"$6,101,831",$0,TEAM OPT,,,,,,,"$6,912,840"
Ben Saraf,Brooklyn,"$2,884,560","$2,884,560",GUARANTEED,"$3,028,560","$3,028,560",GUARANTEED,"$3,172,920",$0,TEAM OPT,"$5,720,775",$0,TEAM OPT,,,,,,,"$5,913,120"
Danny Wolf,Brooklyn,"$2,801,280","$2,801,280",GUARANTEED,"$2,941,440","$2,941,440",GUARANTEED,"$3,081,840",$0,TEAM OPT,"$5,559,639",$0,TEAM OPT,,,,,,,"$5,742,720"
Josh Minott,Brooklyn,"$2,378,870","$2,378,870",GUARANTEED,"$2,584,539",$0,TEAM OPT,,,,,,,,,,,,,"$4,398,569"
Jalen Wilson,Brooklyn,"$2,221,677","$2,221,677",GUARANTEED,,,,,,,,,,,,,,,,"$4,113,534"
Tyson Etienne,Brooklyn,"$636,435",$0,TWO-WAY,,,,,,,,,,,,,,,,$0
EJ Liddell,Brooklyn,"$636,435",$0,TWO-WAY,,,,,,,,,,,,,,,,$0
Chaney Johnson,Brooklyn,"$347,451",$0,TWO-WAY,,,,,,,,,,,,,,,,$0
LaMelo Ball,Charlotte,"$37,958,760","$37,958,760",GUARANTEED,"$40,770,520","$40,770,520",GUARANTEED,"$43,582,280","$43,582,280",GUARANTEED,"$46,394,040","$46,394,040",GUARANTEED,,,,,,,"$203,852,600"
Miles Bridges,Charlotte,"$25,000,000","$25,000,000",GUARANTEED,"$22,826,087","$22,826,087",GUARANTEED,,,,,,,,,,,,,"$75,000,000"
Josh Green,Charlotte,"$13,666,667","$13,666,667",GUARANTEED,"$14,679,012","$14,679,012",GUARANTEED,,,,,,,,,,,,,"$41,000,000"
Grant Williams,Charlotte,"$13,645,500","$13,645,500",GUARANTEED,"$14,265,750","$14,265,750",GUARANTEED,,,,,,,,,,,,,"$40,936,500"
Coby White,Charlotte,"$12,888,889","$12,888,889",GUARANTEED,,,,,,,,,,,,,,,,"$24,888,889"
Brandon Miller,Charlotte,"$11,968,800","$11,968,800",GUARANTEED,"$15,104,626","$15,104,626",GUARANTEED,,,,,,,,,,,,,"$38,498,026"
Kon Knueppel,Charlotte,"$10,015,680","$10,015,680",GUARANTEED,"$10,516,560","$10,516,560",GUARANTEED,"$11,017,560",$0,TEAM OPT,"$13,937,213",$0,TEAM OPT,,,,,,,"$20,532,240"
Tre Mann,Charlotte,"$8,000,000","$8,000,000",GUARANTEED,"$8,000,000","$8,000,000",GUARANTEED,"$8,000,000",$0,TEAM OPT,,,,,,,,,,"$20,908,373"
Tidjane Salaun,Charlotte,"$7,863,240","$7,863,240",GUARANTEED,"$8,237,880","$8,237,880",GUARANTEED,"$10,445,632",$0,TEAM OPT,,,,,,,,,,"$23,589,840"
Liam McNeeley,Charlotte,"$2,763,960","$2,763,960",GUARANTEED,"$2,902,080","$2,902,080",GUARANTEED,"$3,040,320",$0,TEAM OPT,"$5,487,778",$0,TEAM OPT,,,,,,,"$5,666,040"
Xavier Tillman,Charlotte,"$2,546,675","$2,546,675",GUARANTEED,,,,,,,,,,,,,,,,"$4,784,366"
Ryan Kalkbrenner,Charlotte,"$2,296,274","$2,296,274",GUARANTEED,"$2,411,090","$2,411,090",GUARANTEED,"$2,525,901",$0,NOT G,"$2,735,698",$0,TEAM OPT,,,,,,,"$4,707,364"
Sion James,Charlotte,"$2,296,274","$2,296,274",GUARANTEED,"$2,411,090","$2,411,090",GUARANTEED,"$2,525,901",$0,NOT G,"$2,735,698",$0,TEAM OPT,,,,,,,"$4,707,364"
Moussa Diabate,Charlotte,"$2,270,735","$2,270,735",GUARANTEED,"$2,461,462",$0,NOT G,,,,,,,,,,,,,"$3,228,498"
Pat Connaughton,Charlotte,"$1,315,814","$1,315,814",GUARANTEED,"$3,815,861",$0,TEAM OPT,,,,,,,,,,,,,"$10,739,683"
Antonio Reeves,Charlotte,"$636,435",$0,TWO-WAY,,,,,,,,,,,,,,,,"$1,157,153"
PJ Hall,Charlotte,"$353,885",$0,TWO-WAY,"$679,042",$0,TWO-WAY,,,,,,,,,,,,,$0
Tosan Evbuomwan,Charlotte,"$212,331",$0,TWO-WAY,"$679,042",$0,TWO-WAY,,,,,,,,,,,,,$0
Anfernee Simons,Chicago,"$27,678,571","$27,678,571",GUARANTEED,,,,,,,,,,,,,,,,"$53,571,428"
Josh Giddey,Chicago,"$25,000,000","$25,000,000",GUARANTEED,"$25,000,000","$25,000,000",GUARANTEED,"$25,000,000","$25,000,000",GUARANTEED,"$25,000,000","$25,000,000",GUARANTEED,,,,,,,"$108,352,367"
Collin Sexton,Chicago,"$18,975,000","$18,975,000",GUARANTEED,,,,,,,,,,,,,,,,"$37,125,000"
Zach Collins,Chicago,"$18,080,496","$18,080,496",GUARANTEED,,,,,,,,,,,,,,,,"$34,821,696"
Patrick Williams,Chicago,"$18,000,000","$18,000,000",GUARANTEED,"$18,000,000","$18,000,000",GUARANTEED,"$18,000,000","$18,000,000",GUARANTEED,"$18,000,000","$18,000,000",PLAYER OPT,,,,,,,"$90,000,000"
Isaac Okoro,Chicago,"$11,000,000","$11,000,000",GUARANTEED,"$11,814,814","$11,814,814",GUARANTEED,,,,,,,,,,,,,"$33,000,000"
Jaden Ivey,Chicago,"$10,107,163","$10,107,163",GUARANTEED,,,,,,,,,,,,,,,,"$18,084,403"
Jalen Smith,Chicago,"$9,000,000","$9,000,000",GUARANTEED,"$9,428,571","$9,428,571",GUARANTEED,,,,,,,,,,,,,"$27,000,000"
Tre Jones,Chicago,"$8,000,000","$8,000,000",GUARANTEED,"$8,000,000","$8,000,000",GUARANTEED,"$8,000,000",$0,TEAM OPT,,,,,,,,,,"$25,104,167"
Rob Dillingham,Chicago,"$6,576,120","$6,576,120",GUARANTEED,"$6,889,320","$6,889,320",GUARANTEED,"$8,763,215",$0,TEAM OPT,,,,,,,,,,"$19,728,360"
Guerschon Yabusele,Chicago,"$5,500,000","$5,500,000",GUARANTEED,,,,,,,,,,,,,,,,"$7,587,519"
Matas Buzelis,Chicago,"$5,455,560","$5,455,560",GUARANTEED,"$5,715,360","$5,715,360",GUARANTEED,"$7,584,283",$0,TEAM OPT,,,,,,,,,,"$16,366,440"
Noa Essengue,Chicago,"$5,429,520","$5,429,520",GUARANTEED,"$5,701,200","$5,701,200",GUARANTEED,"$5,972,760",$0,TEAM OPT,"$8,230,463",$0,TEAM OPT,,,,,,,"$11,130,720"
Nick Richards,Chicago,"$5,000,000","$5,000,000",GUARANTEED,,,,,,,,,,,,,,,,"$10,000,000"
Leonard Miller,Chicago,"$2,221,677","$2,221,677",GUARANTEED,"$2,406,205",$0,TEAM OPT,,,,,,,,,,,,,"$4,113,534"
Lachlan Olbrich,Chicago,"$636,435",$0,TWO-WAY,,,,,,,,,,,,,,,,$0
Yuki Kawamura,Chicago,"$312,062",$0,TWO-WAY,,,,,,,,,,,,,,,,$0
Mac McClung,Chicago,"$215,548",$0,TWO-WAY,,,,,,,,,,,,,,,,$0
Donovan Mitchell,Cleveland,"$46,394,100","$46,394,100",GUARANTEED,"$50,105,628","$50,105,628",GUARANTEED,"$53,817,156","$53,817,156",PLAYER OPT,,,,,,,,,,"$185,727,194"
Evan Mobley,Cleveland,"$46,394,100","$46,394,100",GUARANTEED,"$50,105,628","$50,105,628",GUARANTEED,"$53,817,156","$53,817,156",GUARANTEED,"$57,528,684","$57,528,684",GUARANTEED,"$61,240,212","$61,240,212",GUARANTEED,,,,"$280,313,437"
James Harden,Cleveland,"$39,446,090","$39,446,090",GUARANTEED,"$42,317,307","$13,317,307",PLAYER OPT,,,,,,,,,,,,,"$86,417,243"
Jarrett Allen,Cleveland,"$20,000,000","$20,000,000",GUARANTEED,"$28,000,000","$28,000,000",GUARANTEED,"$30,240,000","$30,240,000",GUARANTEED,"$32,480,000","$32,480,000",GUARANTEED,,,,,,,"$130,720,000"
Max Strus,Cleveland,"$15,936,452","$15,936,452",GUARANTEED,"$16,660,836","$16,660,836",GUARANTEED,,,,,,,,,,,,,"$47,809,356"
Dennis Schroeder,Cleveland,"$14,104,000","$14,104,000",GUARANTEED,"$14,809,200","$14,809,200",GUARANTEED,"$15,514,400","$4,350,000",PARTIAL G,,,,,,,,,,"$46,288,450"
Sam Merrill,Cleveland,"$8,482,144","$8,482,144",GUARANTEED,"$9,160,715","$9,160,715",GUARANTEED,"$9,839,285","$9,839,285",GUARANTEED,"$10,517,856","$10,517,856",GUARANTEED,,,,,,,"$40,164,993"
Dean Wade,Cleveland,"$6,623,456","$6,623,456",GUARANTEED,,,,,,,,,,,,,,,,"$12,790,123"
Larry Nance Jr,Cleveland,"$3,634,153","$2,296,274",GUARANTEED,,,,,,,,,,,,,,,,"$14,839,153"
Jaylon Tyson,Cleveland,"$3,492,480","$3,492,480",GUARANTEED,"$3,658,560","$3,658,560",GUARANTEED,"$5,641,500",$0,TEAM OPT,,,,,,,,,,"$10,477,200"
Thomas Bryant,Cleveland,"$3,287,409","$2,296,274",GUARANTEED,,,,,,,,,,,,,,,,"$6,088,243"
Keon Ellis,Cleveland,"$2,301,587","$2,301,587",GUARANTEED,,,,,,,,,,,,,,,,"$4,422,280"
Craig Porter,Cleveland,"$2,221,677","$2,221,677",GUARANTEED,"$2,406,205",$0,TEAM OPT,,,,,,,,,,,,,"$4,113,534"
Tyrese Proctor,Cleveland,"$1,272,870","$1,272,870",GUARANTEED,"$2,150,917","$2,150,917",GUARANTEED,"$2,525,901","$500,000",PARTIAL G,"$2,735,698",$0,TEAM OPT,,,,,,,"$3,923,787"
Nae'Qwan Tomlin,Cleveland,"$718,150","$718,150",GUARANTEED,"$2,411,090","$2,411,090",GUARANTEED,,,,,,,,,,,,,"$3,129,240"
Tristan Enaruna,Cleveland,"$241,285",$0,TWO-WAY,"$679,042",$0,TWO-WAY,,,,,,,,,,,,,$0
Riley Minix,Cleveland,"$189,811",$0,TWO-WAY,"$679,042",$0,TWO-WAY,,,,,,,,,,,,,$0
Darius Brown,Cleveland,"$167,291",$0,TWO-WAY,,,,,,,,,,,,,,,,$0
Kyrie Irving,Dallas,"$36,566,002","$36,566,002",GUARANTEED,"$39,491,282","$39,491,282",GUARANTEED,"$42,416,562","$42,416,562",PLAYER OPT,,,,,,,,,,"$158,473,846"
Khris Middleton,Dallas,"$33,296,296","$33,296,296",GUARANTEED,,,,,,,,,,,,,,,,"$64,296,296"
Klay Thompson,Dallas,"$16,666,667","$16,666,667",GUARANTEED,"$17,460,317","$17,460,317",GUARANTEED,,,,,,,,,,,,,"$50,000,000"
Daniel Gafford,Dallas,"$14,386,320","$14,386,320",GUARANTEED,"$17,263,584","$17,263,584",GUARANTEED,"$18,126,763","$18,126,763",GUARANTEED,"$18,989,942","$18,989,942",GUARANTEED,,,,,,,"$82,160,769"
PJ Washington,Dallas,"$14,152,174","$14,152,174",GUARANTEED,"$19,813,044","$19,813,044",GUARANTEED,"$21,398,088","$21,398,088",GUARANTEED,"$22,983,132","$22,983,132",GUARANTEED,"$24,568,176","$24,568,176",GUARANTEED,,,,"$118,414,614"
Cooper Flagg,Dallas,"$13,825,920","$13,825,920",GUARANTEED,"$14,517,480","$14,517,480",GUARANTEED,"$15,208,680",$0,TEAM OPT,"$19,178,145",$0,TEAM OPT,,,,,,,"$28,343,400"
Caleb Martin,Dallas,"$9,594,044","$9,594,044",GUARANTEED,"$10,001,494","$10,001,494",GUARANTEED,"$9,731,351","$9,731,351",PLAYER OPT,,,,,,,,,,"$38,513,483"
Naji Marshall,Dallas,"$9,000,000","$9,000,000",GUARANTEED,"$9,428,571","$9,428,571",GUARANTEED,,,,,,,,,,,,,"$27,000,000"
Max Christie,Dallas,"$7,714,286","$7,714,286",GUARANTEED,"$8,285,714","$8,285,714",GUARANTEED,"$8,857,143","$8,857,143",PLAYER OPT,,,,,,,,,,"$32,000,000"
Tyus Jones,Dallas,"$7,000,000","$7,000,000",GUARANTEED,,,,,,,,,,,,,,,,"$10,303,771"
Dereck Lively,Dallas,"$5,253,360","$5,253,360",GUARANTEED,"$7,239,130","$7,239,130",GUARANTEED,,,,,,,,,,,,,"$17,507,050"
Dwight Powell,Dallas,"$4,000,000","$4,000,000",GUARANTEED,,,,,,,,,,,,,,,,"$8,000,000"
AJ Johnson,Dallas,"$3,090,480","$3,090,480",GUARANTEED,"$3,237,120","$3,237,120",GUARANTEED,"$5,493,393",$0,TEAM OPT,,,,,,,,,,"$9,122,894"
Marvin Bagley,Dallas,"$3,080,921","$2,296,274",GUARANTEED,,,,,,,,,,,,,,,,"$15,580,921"
Brandon Williams,Dallas,"$2,270,735","$2,270,735",GUARANTEED,,,,,,,,,,,,,,,,"$2,318,724"
Ryan Nembhard,Dallas,"$636,435",$0,TWO-WAY,,,,,,,,,,,,,,,,$0
Moussa Cisse,Dallas,"$636,435",$0,TWO-WAY,,,,,,,,,,,,,,,,$0
Miles Kelly,Dallas,"$636,435",$0,TWO-WAY,,,,,,,,,,,,,,,,$0
Nikola Jokic,Denver,"$55,224,526","$55,224,526",GUARANTEED,"$59,033,114","$59,033,114",GUARANTEED,"$62,841,702","$62,841,702",PLAYER OPT,,,,,,,,,,"$228,515,280"
Jamal Murray,Denver,"$46,394,100","$46,394,100",GUARANTEED,"$50,105,628","$50,105,628",GUARANTEED,"$53,817,156","$53,817,156",GUARANTEED,"$57,528,684","$57,528,684",GUARANTEED,,,,,,,"$243,861,768"
Aaron Gordon,Denver,"$22,841,455","$22,841,455",GUARANTEED,"$31,978,037","$31,978,037",GUARANTEED,"$34,536,280","$34,536,280",GUARANTEED,"$37,094,523","$37,094,523",PLAYER OPT,,,,,,,"$149,291,750"
Cameron Johnson,Denver,"$21,057,065","$21,057,065",GUARANTEED,"$23,062,500","$23,062,500",GUARANTEED,,,,,,,,,,,,,"$67,182,065"
Jonas Valanciunas,Denver,"$10,395,000","$10,395,000",GUARANTEED,"$10,000,000","$2,000,000",PARTIAL G,,,,,,,,,,,,,"$22,295,000"
Zeke Nnaji,Denver,"$8,177,778","$8,177,778",GUARANTEED,"$7,466,667","$7,466,667",GUARANTEED,"$7,466,667","$7,466,667",PLAYER OPT,,,,,,,,,,"$32,000,001"
Christian Braun,Denver,"$4,921,797","$4,921,797",GUARANTEED,"$21,551,726","$21,551,726",GUARANTEED,"$23,275,863","$23,275,863",GUARANTEED,"$25,000,000","$25,000,000",GUARANTEED,"$26,724,137","$26,724,137",GUARANTEED,"$28,448,274","$28,448,274",GUARANTEED,"$133,011,437"
Peyton Watson,Denver,"$4,356,476","$4,356,476",GUARANTEED,,,,,,,,,,,,,,,,"$6,770,036"
Tim Hardaway Jr,Denver,"$3,634,153","$2,296,274",GUARANTEED,,,,,,,,,,,,,,,,"$19,827,336"
DaRon Holmes,Denver,"$3,218,760","$3,218,760",GUARANTEED,"$3,372,120","$3,372,120",GUARANTEED,"$5,547,137",$0,TEAM OPT,,,,,,,,,,"$9,656,520"
Bruce Brown,Denver,"$3,080,921","$2,296,274",GUARANTEED,,,,,,,,,,,,,,,,"$26,080,921"
Julian Strawther,Denver,"$2,674,200","$2,674,200",GUARANTEED,"$4,826,931","$4,826,931",GUARANTEED,,,,,,,,,,,,,"$10,053,651"
Jalen Pickett,Denver,"$2,221,677","$2,221,677",GUARANTEED,"$2,406,205",$0,TEAM OPT,,,,,,,,,,,,,"$4,113,534"
Curtis Jones,Denver,"$636,435",$0,TWO-WAY,,,,,,,,,,,,,,,,$0
Tamar Bates,Denver,"$636,435",$0,TWO-WAY,,,,,,,,,,,,,,,,$0
Spencer Jones,Denver,"$623,967","$623,967",GUARANTEED,,,,,,,,,,,,,,,,"$623,967"
KJ Simpson,Denver,"$170,508",$0,TWO-WAY,"$679,042",$0,TWO-WAY,,,,,,,,,,,,,$0
Cade Cunningham,Detroit,"$46,394,100","$46,394,100",GUARANTEED,"$50,105,628","$50,105,628",GUARANTEED,"$53,817,156","$53,817,156",GUARANTEED,"$57,528,684","$57,528,684",GUARANTEED,"$61,240,212","$61,240,212",GUARANTEED,,,,"$283,026,589"
Tobias Harris,Detroit,"$26,634,146","$26,634,146",GUARANTEED,,,,,,,,,,,,,,,,"$52,000,000"
Kevin Huerter,Detroit,"$17,991,071","$17,991,071",GUARANTEED,,,,,,,,,,,,,,,,"$34,821,428"
Duncan Robinson,Detroit,"$16,834,692","$16,834,692",GUARANTEED,"$15,992,957","$2,000,000",PARTIAL G,"$15,151,222",$0,NOT G,,,,,,,,,,"$38,240,692"
Isaiah Stewart,Detroit,"$15,000,000","$15,000,000",GUARANTEED,"$15,000,000","$15,000,000",GUARANTEED,"$15,000,000",$0,TEAM OPT,,,,,,,,,,"$45,000,000"
Caris LeVert,Detroit,"$14,104,000","$14,104,000",GUARANTEED,"$14,809,200","$14,809,200",GUARANTEED,,,,,,,,,,,,,"$45,528,584"
Ausar Thompson,Detroit,"$8,775,000","$8,775,000",GUARANTEED,"$11,117,925","$11,117,925",GUARANTEED,,,,,,,,,,,,,"$28,268,925"
Ron Holland,Detroit,"$8,657,280","$8,657,280",GUARANTEED,"$9,069,600","$9,069,600",GUARANTEED,"$11,491,183",$0,TEAM OPT,,,,,,,,,,"$25,972,200"
Jalen Duren,Detroit,"$6,483,144","$6,483,144",GUARANTEED,,,,,,,,,,,,,,,,"$11,019,984"
Paul Reed,Detroit,"$5,335,894","$5,335,894",GUARANTEED,"$5,602,689",$0,NOT G,,,,,,,,,,,,,"$6,866,269"
Daniss Jenkins,Detroit,"$3,809,524","$3,809,524",GUARANTEED,"$4,000,000",$0,TEAM OPT,,,,,,,,,,,,,"$3,809,524"
Marcus Sasser,Detroit,"$2,886,720","$2,886,720",GUARANTEED,"$5,198,983",$0,TEAM OPT,,,,,,,,,,,,,"$5,641,800"
Javonte Green,Detroit,"$2,874,436","$2,296,274",GUARANTEED,,,,,,,,,,,,,,,,"$3,571,391"
Bobi Klintman,Detroit,"$1,955,377","$1,955,377",GUARANTEED,"$2,296,271",$0,NOT G,"$2,486,995",$0,TEAM OPT,,,,,,,,,,"$3,212,530"
Chaz Lanier,Detroit,"$1,372,870","$1,372,870",GUARANTEED,"$2,150,917","$2,150,917",GUARANTEED,"$2,525,901",$0,NOT G,"$2,735,698",$0,TEAM OPT,,,,,,,"$3,523,787"
Tolu Smith,Detroit,"$636,435",$0,TWO-WAY,,,,,,,,,,,,,,,,$0
Wendell Moore,Detroit,"$495,439",$0,TWO-WAY,,,,,,,,,,,,,,,,$0
Isaac Jones,Detroit,"$202,680",$0,TWO-WAY,"$679,042",$0,TWO-WAY,,,,,,,,,,,,,"$152,957"
Stephen Curry,Golden State,"$59,606,817","$59,606,817",GUARANTEED,"$62,587,158","$62,587,158",GUARANTEED,,,,,,,,,,,,,"$177,955,191"
Jimmy Butler,Golden State,"$54,126,450","$54,126,450",GUARANTEED,"$56,832,773","$56,832,773",GUARANTEED,,,,,,,,,,,,,"$159,757,900"
Kristaps Porzingis,Golden State,"$30,731,707","$30,731,707",GUARANTEED,,,,,,,,,,,,,,,,"$60,000,000"
Draymond Green,Golden State,"$25,892,857","$25,892,857",GUARANTEED,"$27,678,571","$27,678,571",PLAYER OPT,,,,,,,,,,,,,"$77,678,571"
Moses Moody,Golden State,"$11,574,075","$11,574,075",GUARANTEED,"$12,500,000","$12,500,000",GUARANTEED,"$13,425,925","$13,425,925",GUARANTEED,,,,,,,,,,"$43,303,269"
Al Horford,Golden State,"$5,685,000","$5,685,000",GUARANTEED,"$5,969,250","$5,969,250",PLAYER OPT,,,,,,,,,,,,,"$21,154,250"
Brandin Podziemski,Golden State,"$3,687,960","$3,687,960",GUARANTEED,"$5,679,458","$5,679,458",GUARANTEED,,,,,,,,,,,,,"$12,887,378"
Gary Payton II,Golden State,"$3,303,774","$2,296,274",GUARANTEED,,,,,,,,,,,,,,,,"$12,433,774"
De'Anthony Melton,Golden State,"$3,080,921","$3,080,921",GUARANTEED,"$3,451,779","$3,451,779",PLAYER OPT,,,,,,,,,,,,,"$19,354,700"
Seth Curry,Golden State,"$2,777,830","$1,755,198",GUARANTEED,,,,,,,,,,,,,,,,"$6,081,601"
Gui Santos,Golden State,"$2,221,677","$2,221,677",GUARANTEED,,,,,,,,,,,,,,,,"$4,113,534"
Quinten Post,Golden State,"$1,955,377","$1,955,377",GUARANTEED,,,,,,,,,,,,,,,,"$2,394,297"
Will Richard,Golden State,"$1,272,870","$1,272,870",GUARANTEED,"$2,150,917","$2,150,917",GUARANTEED,"$2,525,901",$0,NOT G,"$2,735,698",$0,TEAM OPT,,,,,,,"$3,423,787"
Pat Spencer,Golden State,"$857,804","$857,804",GUARANTEED,,,,,,,,,,,,,,,,"$1,296,614"
LJ Cryer,Golden State,"$424,662",$0,TWO-WAY,"$679,042",$0,TWO-WAY,,,,,,,,,,,,,$0
Malevy Leons,Golden State,"$405,359",$0,TWO-WAY,"$679,042",$0,TWO-WAY,,,,,,,,,,,,,$0
Jeenathan Williams,Golden State,"$176,943",$0,TWO-WAY,,,,,,,,,,,,,,,,"$515,881"
Kevin Durant,Houston,"$54,708,609","$54,708,609",GUARANTEED,"$43,902,439","$43,902,439",GUARANTEED,"$46,097,561","$46,097,561",PLAYER OPT,,,,,,,,,,"$195,887,630"
Alperen Sengun,Houston,"$33,944,954","$33,944,954",GUARANTEED,"$35,642,202","$35,642,202",GUARANTEED,"$37,339,450","$37,339,450",GUARANTEED,"$39,036,697","$39,036,697",GUARANTEED,"$39,036,697","$39,036,697",PLAYER OPT,,,,"$190,424,654"
Fred VanVleet,Houston,"$25,000,000","$25,000,000",GUARANTEED,"$25,000,000","$25,000,000",PLAYER OPT,,,,,,,,,,,,,"$92,846,615"
Steven Adams,Houston,"$14,130,434","$14,130,434",GUARANTEED,"$13,000,000","$13,000,000",GUARANTEED,"$11,869,566","$11,869,566",GUARANTEED,,,,,,,,,,"$51,600,000"
Dorian Finney-Smith,Houston,"$12,700,000","$12,700,000",GUARANTEED,"$13,335,000","$13,335,000",GUARANTEED,"$13,335,000",$0,NOT G,"$13,335,000",$0,PLAYER OPT,,,,,,,"$40,959,167"
Jabari Smith,Houston,"$12,350,392","$12,350,392",GUARANTEED,"$23,643,411","$23,643,411",GUARANTEED,"$21,751,940","$21,751,940",GUARANTEED,"$23,643,411","$23,643,411",GUARANTEED,"$25,534,883","$25,534,883",GUARANTEED,"$27,426,355","$27,426,355",GUARANTEED,"$144,121,272"
Reed Sheppard,Houston,"$10,603,560","$10,603,560",GUARANTEED,"$11,108,880","$11,108,880",GUARANTEED,"$14,041,624",$0,TEAM OPT,,,,,,,,,,"$31,811,400"
Amen Thompson,Houston,"$9,690,600","$9,690,600",GUARANTEED,"$12,258,609","$12,258,609",GUARANTEED,,,,,,,,,,,,,"$31,199,169"
Clint Capela,Houston,"$6,700,000","$6,700,000",GUARANTEED,"$7,035,000","$7,035,000",GUARANTEED,"$7,370,000","$7,370,000",GUARANTEED,,,,,,,,,,"$43,370,280"
Tari Eason,Houston,"$5,675,766","$5,675,766",GUARANTEED,,,,,,,,,,,,,,,,"$9,370,926"
Jeff Green,Houston,"$3,634,153","$2,296,274",GUARANTEED,,,,,,,,,,,,,,,,"$11,634,153"
Josh Okogie,Houston,"$3,080,921","$2,296,274",GUARANTEED,,,,,,,,,,,,,,,,"$11,330,921"
Aaron Holiday,Houston,"$3,080,921","$2,296,274",GUARANTEED,,,,,,,,,,,,,,,,"$7,748,921"
Jae'Sean Tate,Houston,"$2,667,947","$2,296,274",GUARANTEED,,,,,,,,,,,,,,,,"$10,233,164"
JD Davison,Houston,"$636,435",$0,TWO-WAY,,,,,,,,,,,,,,,,"$11,997"
Isaiah Crawford,Houston,"$636,435",$0,TWO-WAY,,,,,,,,,,,,,,,,$0
Tristen Newton,Houston,"$321,714",$0,TWO-WAY,"$679,042",$0,TWO-WAY,,,,,,,,,,,,,$0
Pascal Siakam,Indiana,"$45,550,512","$45,550,512",GUARANTEED,"$48,924,624","$48,924,624",GUARANTEED,"$52,298,736","$52,298,736",GUARANTEED,,,,,,,,,,"$188,950,272"
Tyrese Haliburton,Indiana,"$45,550,512","$45,550,512",GUARANTEED,"$48,924,624","$48,924,624",GUARANTEED,"$52,298,736","$52,298,736",GUARANTEED,"$55,672,848","$55,672,848",GUARANTEED,,,,,,,"$244,623,120"
Ivica Zubac,Indiana,"$18,102,000","$18,102,000",GUARANTEED,"$19,550,160","$19,550,160",GUARANTEED,"$20,998,320","$20,998,320",GUARANTEED,,,,,,,,,,"$70,393,690"
Andrew Nembhard,Indiana,"$18,102,000","$18,102,000",GUARANTEED,"$19,550,160","$19,550,160",GUARANTEED,"$20,998,320","$20,998,320",GUARANTEED,,,,,,,,,,"$60,670,179"
Obi Toppin,Indiana,"$14,000,000","$14,000,000",GUARANTEED,"$15,000,000","$15,000,000",GUARANTEED,"$16,025,000","$16,025,000",GUARANTEED,,,,,,,,,,"$58,000,000"
Aaron Nesmith,Indiana,"$11,000,000","$11,000,000",GUARANTEED,"$11,000,000","$11,000,000",GUARANTEED,"$19,418,000","$19,418,000",GUARANTEED,"$20,971,440","$20,971,440",GUARANTEED,,,,,,,"$73,389,440"
TJ McConnell,Indiana,"$10,200,000","$10,200,000",GUARANTEED,"$11,000,000","$11,000,000",GUARANTEED,"$11,800,000","$5,000,000",PARTIAL G,"$11,800,000",$0,TEAM OPT,,,,,,,"$35,700,000"
Jarace Walker,Indiana,"$6,665,520","$6,665,520",GUARANTEED,"$8,478,541","$8,478,541",GUARANTEED,,,,,,,,,,,,,"$21,506,581"
Ben Sheppard,Indiana,"$2,790,720","$2,790,720",GUARANTEED,"$5,031,668","$5,031,668",GUARANTEED,,,,,,,,,,,,,"$10,486,268"
Kobe Brown,Indiana,"$2,654,880","$2,654,880",GUARANTEED,,,,,,,,,,,,,,,,"$5,188,800"
Jay Huff,Indiana,"$2,349,578","$2,349,578",GUARANTEED,"$2,667,944","$379,382",PARTIAL G,"$3,005,085",$0,TEAM OPT,,,,,,,,,,"$4,816,993"
Johnny Furphy,Indiana,"$1,955,377","$1,955,377",GUARANTEED,"$2,296,271","$2,296,271",GUARANTEED,"$2,486,995",$0,TEAM OPT,,,,,,,,,,"$6,102,490"
Micah Potter,Indiana,"$1,527,805","$1,527,805",GUARANTEED,"$2,801,346",$0,TEAM OPT,,,,,,,,,,,,,"$1,527,805"
Kam Jones,Indiana,"$1,272,870","$1,272,870",GUARANTEED,"$2,150,917","$1,075,459",PARTIAL G,"$2,525,901",$0,NOT G,"$2,735,698",$0,TEAM OPT,,,,,,,"$2,348,329"
Quenton Jackson,Indiana,"$636,435",$0,TWO-WAY,,,,,,,,,,,,,,,,$0
Taelon Peter,Indiana,"$636,435",$0,TWO-WAY,"$679,042",$0,TWO-WAY,,,,,,,,,,,,,$0
Ethan Thompson,Indiana,"$431,096",$0,TWO-WAY,"$679,042",$0,TWO-WAY,,,,,,,,,,,,,$0
Kawhi Leonard,LA Clippers,"$50,000,000","$50,000,000",GUARANTEED,"$50,300,000","$50,300,000",GUARANTEED,,,,,,,,,,,,,"$149,505,800"
Darius Garland,LA Clippers,"$39,446,090","$39,446,090",GUARANTEED,"$42,166,510","$42,166,510",GUARANTEED,"$44,886,930","$44,886,930",GUARANTEED,,,,,,,,,,"$163,225,200"
John Collins,LA Clippers,"$26,580,000","$26,580,000",GUARANTEED,,,,,,,,,,,,,,,,"$53,160,000"
Bogdan Bogdanovic,LA Clippers,"$16,020,000","$16,020,000",GUARANTEED,"$16,020,000",$0,TEAM OPT,,,,,,,,,,,,,"$33,280,000"
Derrick Jones,LA Clippers,"$10,000,000","$10,000,000",GUARANTEED,"$10,476,190","$10,476,190",GUARANTEED,,,,,,,,,,,,,"$30,000,000"
Bennedict Mathurin,LA Clippers,"$9,187,573","$9,187,573",GUARANTEED,,,,,,,,,,,,,,,,"$16,433,293"
Brook Lopez,LA Clippers,"$8,750,000","$8,750,000",GUARANTEED,"$9,187,500",$0,TEAM OPT,,,,,,,,,,,,,"$31,750,000"
Isaiah Jackson,LA Clippers,"$7,600,000","$7,600,000",GUARANTEED,"$7,000,000","$7,000,000",GUARANTEED,"$6,400,000","$6,400,000",GUARANTEED,,,,,,,,,,"$25,435,381"
Nicolas Batum,LA Clippers,"$5,601,600","$5,601,600",GUARANTEED,"$5,881,680",$0,TEAM OPT,,,,,,,,,,,,,"$10,269,600"
Kris Dunn,LA Clippers,"$5,426,400","$5,426,400",GUARANTEED,"$5,684,800",$0,TEAM OPT,,,,,,,,,,,,,"$10,594,400"
Bradley Beal,LA Clippers,"$5,354,000","$5,354,000",GUARANTEED,"$5,621,700","$5,621,700",PLAYER OPT,,,,,,,,,,,,,"$61,179,630"
Yanic Konan Niederhauser,LA Clippers,"$2,743,800","$2,743,800",GUARANTEED,"$2,880,960","$2,880,960",GUARANTEED,"$3,018,480",$0,TEAM OPT,"$5,448,356",$0,TEAM OPT,,,,,,,"$5,624,760"
Cam Christie,LA Clippers,"$1,955,377","$1,955,377",GUARANTEED,"$2,296,271",$0,NOT G,"$2,486,995",$0,TEAM OPT,,,,,,,,,,"$3,112,530"
Jordan Miller,LA Clippers,"$712,637","$712,637",GUARANTEED,"$2,497,812",$0,TEAM OPT,,,,,,,,,,,,,"$1,762,637"
Kobe Sanders,LA Clippers,"$475,497","$475,497",GUARANTEED,"$2,150,917",$0,TEAM OPT,,,,,,,,,,,,,"$475,497"
TyTy Washington,LA Clippers,"$344,234",$0,TWO-WAY,,,,,,,,,,,,,,,,$0
Sean Pedulla,LA Clippers,"$170,508",$0,TWO-WAY,"$679,042",$0,TWO-WAY,,,,,,,,,,,,,$0
Norchad Omier,LA Clippers,"$167,291",$0,TWO-WAY,,,,,,,,,,,,,,,,$0
LeBron James,LA Lakers,"$52,627,153","$52,627,153",GUARANTEED,,,,,,,,,,,,,,,,"$101,355,998"
Luka Doncic,LA Lakers,"$45,999,660","$45,999,660",GUARANTEED,"$51,033,600","$51,033,600",GUARANTEED,"$55,116,288","$55,116,288",GUARANTEED,"$59,198,976","$59,198,976",PLAYER OPT,,,,,,,"$254,380,464"
Rui Hachimura,LA Lakers,"$18,259,259","$18,259,259",GUARANTEED,,,,,,,,,,,,,,,,"$35,259,259"
Austin Reaves,LA Lakers,"$13,937,574","$13,937,574",GUARANTEED,"$14,898,786","$14,898,786",PLAYER OPT,,,,,,,,,,,,,"$41,812,722"
Jarred Vanderbilt,LA Lakers,"$11,571,429","$11,571,429",GUARANTEED,"$12,428,571","$12,428,571",GUARANTEED,"$13,285,714","$13,285,714",PLAYER OPT,,,,,,,,,,"$48,000,000"
Luke Kennard,LA Lakers,"$11,000,000","$11,000,000",GUARANTEED,,,,,,,,,,,,,,,,"$20,250,000"
Maxi Kleber,LA Lakers,"$11,000,000","$11,000,000",GUARANTEED,,,,,,,,,,,,,,,,"$22,000,000"
Deandre Ayton,LA Lakers,"$8,104,000","$8,104,000",GUARANTEED,"$8,104,000","$8,104,000",PLAYER OPT,,,,,,,,,,,,,"$50,213,126"
Jake LaRavia,LA Lakers,"$6,000,000","$6,000,000",GUARANTEED,"$6,000,000","$6,000,000",GUARANTEED,,,,,,,,,,,,,"$15,352,680"
Marcus Smart,LA Lakers,"$5,134,000","$5,134,000",GUARANTEED,"$5,390,700","$5,390,700",PLAYER OPT,,,,,,,,,,,,,"$30,734,985"
Dalton Knecht,LA Lakers,"$4,010,160","$4,010,160",GUARANTEED,"$4,201,080","$4,201,080",GUARANTEED,"$6,452,859",$0,TEAM OPT,,,,,,,,,,"$12,030,360"
Jaxson Hayes,LA Lakers,"$3,449,323","$3,449,323",GUARANTEED,,,,,,,,,,,,,,,,"$5,913,269"
Bronny James,LA Lakers,"$1,955,377","$1,955,377",GUARANTEED,"$2,296,271","$1,308,873",PARTIAL G,"$2,486,995",$0,TEAM OPT,,,,,,,,,,"$4,421,403"
Adou Thiero,LA Lakers,"$1,272,870","$1,272,870",GUARANTEED,"$2,150,917","$2,150,917",GUARANTEED,"$2,525,901",$0,TEAM OPT,,,,,,,,,,"$3,423,787"
Kobe Bufkin,LA Lakers,"$844,607","$844,607",GUARANTEED,"$2,497,812",$0,TEAM OPT,,,,,,,,,,,,,"$5,143,607"
Nick Smith,LA Lakers,"$636,435",$0,TWO-WAY,,,,,,,,,,,,,,,,"$2,587,200"
Chris Manon,LA Lakers,"$636,435",$0,TWO-WAY,,,,,,,,,,,,,,,,$0
Drew Timme,LA Lakers,"$447,182",$0,TWO-WAY,,,,,,,,,,,,,,,,"$113,055"
Ja Morant,Memphis,"$39,446,090","$39,446,090",GUARANTEED,"$42,166,510","$42,166,510",GUARANTEED,"$44,886,930","$44,886,930",GUARANTEED,,,,,,,,,,"$163,225,200"
Kentavious Caldwell-Pope,Memphis,"$21,621,500","$21,621,500",GUARANTEED,"$21,621,500","$21,621,500",PLAYER OPT,,,,,,,,,,,,,"$66,000,000"
Santiago Aldama,Memphis,"$18,485,916","$18,485,916",GUARANTEED,"$17,007,043","$17,007,043",GUARANTEED,"$17,007,043",$0,TEAM OPT,,,,,,,,,,"$39,453,490"
Brandon Clarke,Memphis,"$12,500,000","$12,500,000",GUARANTEED,"$12,500,000","$12,500,000",GUARANTEED,,,,,,,,,,,,,"$37,500,000"
Kyle Anderson,Memphis,"$9,219,512","$9,219,512",GUARANTEED,"$9,658,536",$0,NOT G,,,,,,,,,,,,,"$18,000,000"
Ty Jerome,Memphis,"$8,781,000","$8,781,000",GUARANTEED,"$9,220,050","$9,220,050",GUARANTEED,"$9,659,100","$9,659,100",PLAYER OPT,,,,,,,,,,"$30,221,125"
Taylor Hendricks,Memphis,"$6,127,080","$6,127,080",GUARANTEED,"$7,805,900","$7,805,900",GUARANTEED,,,,,,,,,,,,,"$19,781,660"
Zach Edey,Memphis,"$6,045,000","$6,045,000",GUARANTEED,"$6,332,760","$6,332,760",GUARANTEED,"$8,067,936",$0,TEAM OPT,,,,,,,,,,"$18,134,640"
Cedric Coward,Memphis,"$5,715,120","$5,715,120",GUARANTEED,"$6,001,080","$6,001,080",GUARANTEED,"$6,286,920",$0,TEAM OPT,"$8,342,743",$0,TEAM OPT,,,,,,,"$11,716,200"
Walter Clayton,Memphis,"$3,991,320","$3,991,320",GUARANTEED,"$4,190,520","$4,190,520",GUARANTEED,"$4,390,320",$0,TEAM OPT,"$6,752,312",$0,TEAM OPT,,,,,,,"$8,181,840"
Cam Spencer,Memphis,"$2,537,989","$2,537,989",GUARANTEED,"$2,411,090","$2,411,090",GUARANTEED,"$2,616,754","$2,616,754",GUARANTEED,"$2,830,685",$0,TEAM OPT,,,,,,,"$7,565,833"
Scotty Pippen Jr,Memphis,"$2,270,735","$2,270,735",GUARANTEED,"$2,461,462","$350,000",PARTIAL G,"$2,789,215",$0,TEAM OPT,,,,,,,,,,"$4,708,254"
GG Jackson,Memphis,"$2,221,677","$2,221,677",GUARANTEED,"$2,406,205",$0,NOT G,,,,,,,,,,,,,"$4,113,534"
Jaylen Wells,Memphis,"$1,955,377","$1,955,377",GUARANTEED,"$2,296,271","$300,000",PARTIAL G,"$2,486,995",$0,TEAM OPT,,,,,,,,,,"$3,412,530"
Olivier-Maxence Prosper,Memphis,"$636,435",$0,TWO-WAY,,,,,,,,,,,,,,,,"$2,870,400"
Javon Small,Memphis,"$636,435",$0,TWO-WAY,"$679,042",$0,TWO-WAY,,,,,,,,,,,,,$0
Jahmai Mashack,Memphis,"$476,136",$0,TWO-WAY,"$679,042",$0,TWO-WAY,,,,,,,,,,,,,$0
Rayan Rupert,Memphis,"$131,970",$0,10-DAY,,,,,,,,,,,,,,,,"$1,891,857"
Bam Adebayo,Miami,"$37,096,620","$37,096,620",GUARANTEED,"$51,935,268","$51,935,268",GUARANTEED,"$56,090,089","$56,090,089",GUARANTEED,"$60,244,910","$60,244,910",PLAYER OPT,,,,,,,"$240,215,227"
Tyler Herro,Miami,"$31,000,000","$31,000,000",GUARANTEED,"$33,000,000","$33,000,000",GUARANTEED,,,,,,,,,,,,,"$93,000,000"
Andrew Wiggins,Miami,"$28,223,215","$28,223,215",GUARANTEED,"$30,169,644","$30,169,644",PLAYER OPT,,,,,,,,,,,,,"$84,669,645"
Terry Rozier,Miami,"$26,643,031","$26,643,031",GUARANTEED,,,,,,,,,,,,,,,,"$51,567,157"
Norman Powell,Miami,"$20,482,758","$20,482,758",GUARANTEED,,,,,,,,,,,,,,,,"$39,724,137"
Davion Mitchell,Miami,"$11,600,000","$11,600,000",GUARANTEED,"$12,400,000","$12,400,000",GUARANTEED,,,,,,,,,,,,,"$30,451,077"
Simone Fontecchio,Miami,"$8,307,692","$8,307,692",GUARANTEED,,,,,,,,,,,,,,,,"$16,000,000"
Nikola Jovic,Miami,"$4,445,417","$4,445,417",GUARANTEED,"$16,200,000","$16,200,000",GUARANTEED,"$14,904,000","$14,904,000",GUARANTEED,"$15,906,000","$15,906,000",GUARANTEED,"$16,200,000","$16,200,000",GUARANTEED,,,,"$70,119,617"
Kel'el Ware,Miami,"$4,443,360","$4,443,360",GUARANTEED,"$4,654,920","$4,654,920",GUARANTEED,"$7,135,992",$0,TEAM OPT,,,,,,,,,,"$13,330,080"
Jaime Jaquez,Miami,"$3,861,600","$3,861,600",GUARANTEED,"$5,939,141","$5,939,141",GUARANTEED,,,,,,,,,,,,,"$13,486,541"
Kasparas Jakucionis,Miami,"$3,658,800","$3,658,800",GUARANTEED,"$3,841,680","$3,841,680",GUARANTEED,"$4,024,440",$0,TEAM OPT,"$6,205,686",$0,TEAM OPT,,,,,,,"$7,500,480"
Dru Smith,Miami,"$2,378,870","$2,378,870",GUARANTEED,"$2,584,539",$0,NOT G,"$2,934,742",$0,NOT G,,,,,,,,,,"$2,378,870"
Pelle Larsson,Miami,"$1,955,377",$0,GUARANTEED,"$2,296,271",$0,NOT G,,,,,,,,,,,,,"$3,112,530"
Keshad Johnson,Miami,"$1,955,377","$1,955,377",GUARANTEED,,,,,,,,,,,,,,,,"$2,680,260"
Jahmir Young,Miami,"$636,435",$0,TWO-WAY,,,,,,,,,,,,,,,,$0
Vladislav Goldin,Miami,"$636,435",$0,TWO-WAY,,,,,,,,,,,,,,,,$0
Myron Gardner,Miami,"$395,029","$395,029",GUARANTEED,"$2,150,917","$500,000",PARTIAL G,"$2,525,901",$0,NOT G,,,,,,,,,,"$895,029"
Trevor Keels,Miami,"$173,725",$0,TWO-WAY,,,,,,,,,,,,,,,,$0
Giannis Antetokounmpo,Milwaukee,"$54,126,450","$54,126,450",GUARANTEED,"$58,456,566","$58,456,566",GUARANTEED,"$62,786,682","$62,786,682",PLAYER OPT,,,,,,,,,,"$224,157,374"
Myles Turner,Milwaukee,"$25,318,251","$25,318,251",GUARANTEED,"$26,584,164","$26,584,164",GUARANTEED,"$27,850,077","$27,850,077",GUARANTEED,"$29,115,990","$29,115,990",PLAYER OPT,,,,,,,"$128,796,982"
Kyle Kuzma,Milwaukee,"$22,410,605","$22,410,605",GUARANTEED,"$20,345,152","$20,945,152",GUARANTEED,,,,,,,,,,,,,"$67,211,817"
Bobby Portis,Milwaukee,"$13,445,754","$13,445,754",GUARANTEED,"$14,521,414","$14,521,414",GUARANTEED,"$15,597,074","$15,597,074",PLAYER OPT,,,,,,,,,,"$56,142,528"
Ousmane Dieng,Milwaukee,"$6,670,882","$6,670,882",GUARANTEED,,,,,,,,,,,,,,,,"$11,697,922"
Kevin Porter,Milwaukee,"$5,134,000","$5,134,000",GUARANTEED,"$5,390,700","$5,390,700",PLAYER OPT,,,,,,,,,,,,,"$12,762,391"
Ryan Rollins,Milwaukee,"$4,000,000","$4,000,000",GUARANTEED,"$4,000,000","$4,000,000",GUARANTEED,"$4,000,000","$4,000,000",PLAYER OPT,,,,,,,,,,"$12,491,887"
Gary Trent Jr,Milwaukee,"$3,697,105","$3,697,105",GUARANTEED,"$3,881,960","$3,881,960",PLAYER OPT,,,,,,,,,,,,,"$10,192,185"
Gary Harris,Milwaukee,"$3,634,153","$3,634,153",GUARANTEED,"$3,815,861","$3,815,861",PLAYER OPT,,,,,,,,,,,,,"$14,950,014"
Taurean Prince,Milwaukee,"$3,303,774","$3,303,774",GUARANTEED,"$3,815,861","$3,815,861",PLAYER OPT,,,,,,,,,,,,,"$10,108,185"
Thanasis Antetokounmpo,Milwaukee,"$2,874,436","$2,296,274",GUARANTEED,,,,,,,,,,,,,,,,"$2,874,436"
Jericho Sims,Milwaukee,"$2,461,463","$2,461,463",GUARANTEED,"$2,801,346","$2,801,346",PLAYER OPT,,,,,,,,,,,,,"$7,355,153"
AJ Green,Milwaukee,"$2,301,587","$2,301,587",GUARANTEED,"$10,044,644","$10,044,644",GUARANTEED,"$10,848,215","$10,848,215",GUARANTEED,"$11,651,786","$11,651,786",GUARANTEED,"$12,455,355","$12,455,355",GUARANTEED,,,,"$49,422,280"
Andre Jackson,Milwaukee,"$2,221,677","$2,221,677",GUARANTEED,"$2,406,205",$0,TEAM OPT,,,,,,,,,,,,,"$4,113,534"
Cam Thomas,Milwaukee,"$905,366","$844,607",GUARANTEED,,,,,,,,,,,,,,,,"$4,946,615"
Pete Nance,Milwaukee,"$636,435",$0,TWO-WAY,,,,,,,,,,,,,,,,$0
Alex Antetokounmpo,Milwaukee,"$636,435",$0,TWO-WAY,,,,,,,,,,,,,,,,$0
Anthony Edwards,Minnesota,"$45,550,512","$45,550,512",GUARANTEED,"$48,924,624","$48,924,624",GUARANTEED,"$52,298,736","$52,298,736",GUARANTEED,"$55,672,848","$55,672,848",GUARANTEED,,,,,,,"$244,623,120"
Rudy Gobert,Minnesota,"$35,000,000","$35,000,000",GUARANTEED,"$36,500,000","$36,500,000",GUARANTEED,"$38,000,000","$38,000,000",PLAYER OPT,,,,,,,,,,"$153,327,586"
Julius Randle,Minnesota,"$30,864,198","$30,864,198",GUARANTEED,"$33,333,334","$33,333,334",GUARANTEED,"$35,802,468","$35,802,468",PLAYER OPT,,,,,,,,,,"$133,073,920"
Jaden McDaniels,Minnesota,"$24,393,104","$24,393,104",GUARANTEED,"$25,750,001","$25,750,001",GUARANTEED,"$28,006,898","$28,006,898",GUARANTEED,"$29,813,790","$29,813,790",GUARANTEED,,,,,,,"$130,981,035"
Naz Reid,Minnesota,"$21,551,724","$21,551,724",GUARANTEED,"$23,275,862","$23,275,862",GUARANTEED,"$25,000,000","$25,000,000",GUARANTEED,"$26,724,138","$26,724,138",GUARANTEED,"$28,448,276","$28,448,276",PLAYER OPT,,,,"$138,986,432"
Donte DiVincenzo,Minnesota,"$11,990,000","$11,990,000",GUARANTEED,"$12,535,000","$12,535,000",GUARANTEED,,,,,,,,,,,,,"$35,970,000"
Ayo Dosunmu,Minnesota,"$7,518,518","$7,518,518",GUARANTEED,,,,,,,,,,,,,,,,"$14,518,518"
Joan Beringer,Minnesota,"$4,201,080","$4,201,080",GUARANTEED,"$4,411,200","$4,411,200",GUARANTEED,"$4,621,200",$0,TEAM OPT,"$7,098,163",$0,TEAM OPT,,,,,,,"$8,612,280"
Joe Ingles,Minnesota,"$3,634,153","$2,296,274",GUARANTEED,,,,,,,,,,,,,,,,"$6,937,924"
Terrence Shannon,Minnesota,"$2,674,080","$2,674,080",GUARANTEED,"$2,801,640","$2,801,640",GUARANTEED,"$5,054,159",$0,TEAM OPT,,,,,,,,,,"$8,022,360"
Bones Hyland,Minnesota,"$2,461,463","$2,296,274",GUARANTEED,,,,,,,,,,,,,,,,"$2,461,463"
Julian Phillips,Minnesota,"$2,221,677","$2,221,677",GUARANTEED,"$2,406,205",$0,TEAM OPT,,,,,,,,,,,,,"$4,113,534"
Jaylen Clark,Minnesota,"$2,191,897","$2,191,897",GUARANTEED,,,,,,,,,,,,,,,,"$2,684,220"
Mike Conley,Minnesota,"$1,148,727","$725,834",GUARANTEED,,,,,,,,,,,,,,,,"$11,124,689"
Enrique Freeman,Minnesota,"$636,435",$0,TWO-WAY,,,,,,,,,,,,,,,,$0
Rocco Zikarsky,Minnesota,"$636,435",$0,TWO-WAY,"$679,042",$0,TWO-WAY,,,,,,,,,,,,,$0
Zion Williamson,New Orleans,"$39,446,090","$39,446,090",GUARANTEED,"$42,166,510","$16,866,604",PARTIAL G,"$44,886,930",$0,NOT G,,,,,,,,,,"$93,038,364"
Jordan Poole,New Orleans,"$31,848,215","$31,848,215",GUARANTEED,"$34,044,642","$34,044,642",GUARANTEED,,,,,,,,,,,,,"$95,544,643"
Dejounte Murray,New Orleans,"$30,801,103","$30,801,103",GUARANTEED,"$32,785,071","$32,785,071",GUARANTEED,"$30,751,504","$30,751,504",PLAYER OPT,,,,,,,,,,"$123,154,813"
Trey Murphy,New Orleans,"$25,000,000","$25,000,000",GUARANTEED,"$27,000,000","$27,000,000",GUARANTEED,"$29,000,000","$29,000,000",GUARANTEED,"$31,000,000","$31,000,000",GUARANTEED,,,,,,,"$117,159,854"
Herb Jones,New Orleans,"$13,937,574","$13,937,574",GUARANTEED,"$14,898,786","$14,898,786",GUARANTEED,"$20,858,300","$20,858,300",GUARANTEED,"$22,526,964","$22,526,964",GUARANTEED,"$24,195,628","$24,195,628",PLAYER OPT,,,,"$109,393,614"
Kevon Looney,New Orleans,"$8,000,000","$8,000,000",GUARANTEED,"$8,000,000",$0,TEAM OPT,,,,,,,,,,,,,"$16,000,000"
Jeremiah Fears,New Orleans,"$7,520,040","$7,520,040",GUARANTEED,"$7,896,240","$7,896,240",GUARANTEED,"$8,271,960",$0,TEAM OPT,"$10,505,389",$0,TEAM OPT,,,,,,,"$15,416,280"
Saddiq Bey,New Orleans,"$6,118,644","$6,118,644",GUARANTEED,"$6,440,678","$6,440,678",GUARANTEED,,,,,,,,,,,,,"$19,000,000"
Derik Queen,New Orleans,"$5,157,960","$5,157,960",GUARANTEED,"$5,416,080","$5,416,080",GUARANTEED,"$5,673,840",$0,TEAM OPT,"$8,107,917",$0,TEAM OPT,,,,,,,"$10,574,040"
Jordan Hawkins,New Orleans,"$4,741,320","$4,741,320",GUARANTEED,"$7,021,895","$7,021,895",GUARANTEED,,,,,,,,,,,,,"$16,288,895"
DeAndre Jordan,New Orleans,"$3,571,495","$2,256,683",GUARANTEED,,,,,,,,,,,,,,,,"$6,875,266"
Yves Missi,New Orleans,"$3,353,040","$3,353,040",GUARANTEED,"$3,512,760","$3,512,760",GUARANTEED,"$5,595,827",$0,TEAM OPT,,,,,,,,,,"$10,059,000"
Karlo Matkovic,New Orleans,"$1,955,377","$1,955,377",GUARANTEED,"$2,296,271",$0,TEAM OPT,,,,,,,,,,,,,"$3,362,530"
Micah Peavy,New Orleans,"$1,272,870","$1,272,870",GUARANTEED,"$2,150,917","$2,150,917",GUARANTEED,"$2,525,901",$0,NOT G,"$2,735,698",$0,TEAM OPT,,,,,,,"$3,423,787"
Bryce McGowens,New Orleans,"$724,598","$724,598",GUARANTEED,"$2,584,539","$2,584,539",NOT G,"$2,934,742",$0,TEAM OPT,,,,,,,,,,"$3,309,137"
Trey Alexander,New Orleans,"$636,435",$0,TWO-WAY,,,,,,,,,,,,,,,,$0
Hunter Dickinson,New Orleans,"$636,435",$0,TWO-WAY,,,,,,,,,,,,,,,,$0
Karl-Anthony Towns,New York,"$53,142,264","$53,142,264",GUARANTEED,"$57,078,728","$57,078,728",GUARANTEED,"$61,015,192","$61,015,192",PLAYER OPT,,,,,,,,,,"$220,441,984"
OG Anunoby,New York,"$39,568,966","$39,568,966",GUARANTEED,"$42,500,000","$42,500,000",GUARANTEED,"$45,431,034","$45,431,034",GUARANTEED,"$48,362,068","$48,362,068",PLAYER OPT,,,,,,,"$212,500,000"
Jalen Brunson,New York,"$34,944,001","$34,944,001",GUARANTEED,"$37,739,521","$37,739,521",GUARANTEED,"$40,535,041","$40,535,041",GUARANTEED,"$43,330,561","$43,330,561",PLAYER OPT,,,,,,,"$181,509,125"
Mikal Bridges,New York,"$24,900,000","$24,900,000",GUARANTEED,"$33,482,145","$33,482,145",GUARANTEED,"$36,160,714","$36,160,714",GUARANTEED,"$38,839,285","$38,839,285",GUARANTEED,"$41,517,856","$41,517,856",PLAYER OPT,,,,"$198,200,000"
Josh Hart,New York,"$19,472,240","$19,472,240",GUARANTEED,"$20,923,760","$20,923,760",GUARANTEED,"$22,375,280",$0,TEAM OPT,,,,,,,,,,"$58,540,000"
Mitchell Robinson,New York,"$12,954,546","$12,954,546",GUARANTEED,,,,,,,,,,,,,,,,"$27,272,728"
Jose Alvarado,New York,"$4,500,000","$4,500,000",GUARANTEED,"$4,500,000","$4,500,000",PLAYER OPT,,,,,,,,,,,,,"$10,988,598"
Miles McBride,New York,"$4,333,333","$4,333,333",GUARANTEED,"$3,956,523","$3,956,523",GUARANTEED,,,,,,,,,,,,,"$13,000,000"
Jordan Clarkson,New York,"$3,634,153","$2,296,274",GUARANTEED,,,,,,,,,,,,,,,,"$17,726,730"
Landry Shamet,New York,"$3,080,921","$2,296,274",GUARANTEED,,,,,,,,,,,,,,,,"$4,762,929"
Pacome Dadiet,New York,"$2,847,600","$2,847,600",GUARANTEED,"$2,983,680","$2,983,680",GUARANTEED,"$5,373,608",$0,TEAM OPT,,,,,,,,,,"$7,639,360"
Tyler Kolek,New York,"$2,191,897","$2,191,897",GUARANTEED,"$2,296,271","$2,296,271",GUARANTEED,"$2,486,995",$0,TEAM OPT,,,,,,,,,,"$6,575,687"
Ariel Hukporti,New York,"$1,955,377","$1,955,377",GUARANTEED,,,,,,,,,,,,,,,,"$3,019,426"
Mohamed Diawara,New York,"$1,272,870","$1,272,870",GUARANTEED,,,,,,,,,,,,,,,,"$1,272,870"
Jeremy Sochan,New York,"$806,628","$778,622",GUARANTEED,,,,,,,,,,,,,,,,"$6,376,668"
Trey Jemison,New York,"$636,435",$0,TWO-WAY,,,,,,,,,,,,,,,,$0
Kevin McCullar,New York,"$636,435",$0,TWO-WAY,,,,,,,,,,,,,,,,$0
Dillon Jones,New York,"$267,022",$0,TWO-WAY,,,,,,,,,,,,,,,,"$2,622,360"
Shai Gilgeous-Alexander,Oklahoma City,"$38,333,050","$38,333,050",GUARANTEED,"$40,806,150","$40,806,150",GUARANTEED,"$63,706,720","$63,706,720",GUARANTEED,"$68,803,258","$68,803,258",GUARANTEED,"$73,899,795","$73,899,795",GUARANTEED,"$78,996,333","$78,996,333",GUARANTEED,"$400,405,256"
Isaiah Hartenstein,Oklahoma City,"$28,500,000","$28,500,000",GUARANTEED,"$28,500,000",$0,TEAM OPT,,,,,,,,,,,,,"$58,500,000"
Luguentz Dort,Oklahoma City,"$18,222,222","$18,222,222",GUARANTEED,"$18,222,222",$0,TEAM OPT,,,,,,,,,,,,,"$35,222,222"
Alex Caruso,Oklahoma City,"$18,102,100","$18,102,100",GUARANTEED,"$19,550,160","$19,550,160",GUARANTEED,"$20,998,320","$20,998,320",GUARANTEED,"$22,446,480","$22,446,480",GUARANTEED,,,,,,,"$90,987,060"
Chet Holmgren,Oklahoma City,"$13,731,368","$13,731,368",GUARANTEED,"$41,250,000","$41,250,000",GUARANTEED,"$44,550,000","$44,550,000",GUARANTEED,"$47,850,000","$47,850,000",GUARANTEED,"$51,150,000","$51,150,000",GUARANTEED,"$54,450,000","$54,450,000",PLAYER OPT,"$263,862,008"
Isaiah Joe,Oklahoma City,"$12,362,338","$12,362,338",GUARANTEED,"$11,323,006","$11,323,006",GUARANTEED,"$11,323,006",$0,TEAM OPT,,,,,,,,,,"$36,676,994"
Aaron Wiggins,Oklahoma City,"$10,102,803","$10,102,803",GUARANTEED,"$9,224,300","$9,224,300",GUARANTEED,"$8,345,797","$8,345,797",GUARANTEED,"$8,345,797",$0,TEAM OPT,,,,,,,"$38,186,917"
Jaylin Williams,Oklahoma City,"$8,450,704","$8,450,704",GUARANTEED,"$7,774,648","$7,774,648",GUARANTEED,"$7,774,648",$0,TEAM OPT,,,,,,,,,,"$18,245,051"
Kenrich Williams,Oklahoma City,"$7,163,000","$7,163,000",GUARANTEED,"$7,163,000",$0,TEAM OPT,,,,,,,,,,,,,"$13,832,000"
Jalen Williams,Oklahoma City,"$6,580,997","$6,580,997",GUARANTEED,"$41,250,000","$41,250,000",GUARANTEED,"$44,550,000","$44,550,000",GUARANTEED,"$47,850,000","$47,850,000",GUARANTEED,"$51,150,000","$51,150,000",GUARANTEED,"$54,450,000","$54,450,000",PLAYER OPT,"$250,606,757"
Cason Wallace,Oklahoma City,"$5,820,240","$5,820,240",GUARANTEED,"$7,420,806","$7,420,806",GUARANTEED,,,,,,,,,,,,,"$18,796,926"
Nikola Topic,Oklahoma City,"$5,182,920","$5,182,920",GUARANTEED,"$5,429,760","$5,429,760",GUARANTEED,"$7,482,209",$0,TEAM OPT,,,,,,,,,,"$15,548,640"
Thomas Sorber,Oklahoma City,"$4,655,040","$4,655,040",GUARANTEED,"$4,887,720","$4,887,720",GUARANTEED,"$5,120,400",$0,TEAM OPT,"$7,849,573",$0,TEAM OPT,,,,,,,"$9,542,760"
Jared McCain,Oklahoma City,"$4,221,360","$4,221,360",GUARANTEED,"$4,422,600","$4,422,600",GUARANTEED,"$6,784,268",$0,TEAM OPT,,,,,,,,,,"$12,664,320"
Ajay Mitchell,Oklahoma City,"$3,000,000","$3,000,000",GUARANTEED,"$2,850,000","$1,500,000",PARTIAL G,"$2,850,000",$0,TEAM OPT,,,,,,,,,,"$7,500,000"
Branden Carlson,Oklahoma City,"$636,435",$0,TWO-WAY,,,,,,,,,,,,,,,,$0
Brooks Barnhizer,Oklahoma City,"$636,435",$0,TWO-WAY,,,,,,,,,,,,,,,,$0
Buddy Boeheim,Oklahoma City,"$212,331",$0,TWO-WAY,,,,,,,,,,,,,,,,$0
Franz Wagner,Orlando,"$38,661,750","$38,661,750",GUARANTEED,"$41,754,636","$41,754,636",GUARANTEED,"$44,847,572","$44,847,572",GUARANTEED,"$47,940,508","$47,940,508",GUARANTEED,"$51,033,444","$51,033,444",GUARANTEED,,,,"$231,245,002"
Desmond Bane,Orlando,"$36,725,670","$36,725,670",GUARANTEED,"$39,446,090","$39,446,090",GUARANTEED,"$42,166,510","$42,166,510",GUARANTEED,"$44,886,930","$44,886,930",GUARANTEED,,,,,,,"$197,230,450"
Jalen Suggs,Orlando,"$35,000,000","$35,000,000",GUARANTEED,"$32,400,000","$32,400,000",GUARANTEED,"$29,600,000","$29,600,000",GUARANTEED,"$26,800,000","$26,800,000",GUARANTEED,"$26,700,000","$26,700,000",GUARANTEED,,,,"$159,688,385"
Paolo Banchero,Orlando,"$15,334,769","$15,334,769",GUARANTEED,"$41,250,000","$41,250,000",GUARANTEED,"$44,550,000","$44,550,000",GUARANTEED,"$47,850,000","$47,850,000",GUARANTEED,"$51,150,000","$51,150,000",GUARANTEED,"$54,450,000","$54,450,000",PLAYER OPT,"$266,745,569"
Jonathan Isaac,Orlando,"$15,000,000","$15,000,000",GUARANTEED,"$14,500,000","$8,000,000",PARTIAL G,"$14,500,000",$0,NOT G,"$15,000,000",$0,NOT G,,,,,,,"$50,600,000"
Wendell Carter Jr,Orlando,"$10,850,000","$10,850,000",GUARANTEED,"$18,102,000","$18,102,000",GUARANTEED,"$19,550,160","$19,550,160",GUARANTEED,"$20,998,320",$0,TEAM OPT,,,,,,,"$60,452,160"
Goga Bitadze,Orlando,"$8,333,333","$8,333,333",GUARANTEED,"$7,608,696","$7,608,696",GUARANTEED,,,,,,,,,,,,,"$25,000,000"
Anthony Black,Orlando,"$7,970,280","$7,970,280",GUARANTEED,"$10,106,315","$10,106,315",GUARANTEED,,,,,,,,,,,,,"$25,684,355"
Jett Howard,Orlando,"$5,529,720","$5,529,720",GUARANTEED,,,,,,,,,,,,,,,,"$10,808,040"
Moritz Wagner,Orlando,"$5,000,000","$5,000,000",GUARANTEED,,,,,,,,,,,,,,,,"$16,000,000"
Tristan Da Silva,Orlando,"$3,809,520","$3,809,520",GUARANTEED,"$3,991,200","$3,991,200",GUARANTEED,"$6,138,466",$0,TEAM OPT,,,,,,,,,,"$11,429,160"
Jase Richardson,Orlando,"$2,983,320","$2,983,320",GUARANTEED,"$3,132,360","$3,132,360",GUARANTEED,"$3,282,000",$0,TEAM OPT,"$5,910,882",$0,TEAM OPT,,,,,,,"$6,115,680"
Noah Penda,Orlando,"$1,272,870","$1,272,870",GUARANTEED,"$2,150,917","$2,150,917",GUARANTEED,"$2,525,901",$0,NOT G,"$2,735,698",$0,TEAM OPT,,,,,,,"$3,423,787"
Jevon Carter,Orlando,"$1,168,625","$871,000",GUARANTEED,,,,,,,,,,,,,,,,"$7,668,625"
Colin Castleton,Orlando,"$636,435",$0,TWO-WAY,,,,,,,,,,,,,,,,"$100,000"
Jamal Cain,Orlando,"$636,435",$0,TWO-WAY,,,,,,,,,,,,,,,,$0
Alex Morales,Orlando,"$176,943",$0,TWO-WAY,"$679,042",$0,TWO-WAY,,,,,,,,,,,,,$0
Joel Embiid,Philadelphia,"$55,224,526","$55,224,526",GUARANTEED,"$59,539,200","$59,539,200",GUARANTEED,"$64,302,336","$64,302,336",GUARANTEED,"$69,065,472","$69,065,472",PLAYER OPT,,,,,,,"$299,547,472"
Paul George,Philadelphia,"$51,666,090","$51,666,090",GUARANTEED,"$54,126,380","$54,126,380",GUARANTEED,"$56,586,670","$56,586,670",PLAYER OPT,,,,,,,,,,"$211,584,940"
Tyrese Maxey,Philadelphia,"$37,958,760","$37,958,760",GUARANTEED,"$40,770,520","$40,770,520",GUARANTEED,"$43,582,280","$43,582,280",GUARANTEED,"$46,394,040","$46,394,040",GUARANTEED,,,,,,,"$203,852,600"
VJ Edgecombe,Philadelphia,"$11,108,880","$11,108,880",GUARANTEED,"$11,663,880","$11,663,880",GUARANTEED,"$12,219,840",$0,TEAM OPT,"$15,445,878",$0,TEAM OPT,,,,,,,"$22,772,760"
Quentin Grimes,Philadelphia,"$8,741,210","$8,741,210",GUARANTEED,,,,,,,,,,,,,,,,"$13,037,892"
Kelly Oubre,Philadelphia,"$8,382,150","$8,382,150",GUARANTEED,,,,,,,,,,,,,,,,"$16,365,150"
Andre Drummond,Philadelphia,"$5,000,000","$5,000,000",GUARANTEED,,,,,,,,,,,,,,,,"$10,000,000"
Kyle Lowry,Philadelphia,"$3,634,153","$2,296,274",GUARANTEED,,,,,,,,,,,,,,,,"$6,937,924"
Dominick Barlow,Philadelphia,"$3,415,000","$3,415,000",GUARANTEED,"$3,415,000",0,TEAM OPT,,,,,,,,,,,,,"$3,906,887"
Trendon Watford,Philadelphia,"$2,461,463","$2,461,463",GUARANTEED,"$2,801,346",$0,TEAM OPT,,,,,,,,,,,,,"$5,188,066"
Justin Edwards,Philadelphia,"$2,048,494","$2,048,494",GUARANTEED,"$2,411,090","$2,411,090",GUARANTEED,"$2,616,754",$0,TEAM OPT,,,,,,,,,,"$4,885,203"
Adem Bona,Philadelphia,"$1,955,377","$1,955,377",GUARANTEED,"$2,296,271",$0,NOT G,"$2,486,995",$0,TEAM OPT,,,,,,,,,,"$3,112,530"
Johni Broome,Philadelphia,"$1,272,870","$1,272,870",GUARANTEED,"$2,150,917","$2,150,917",GUARANTEED,"$2,525,901",$0,NOT G,"$2,735,698",$0,TEAM OPT,,,,,,,"$3,423,787"
Cameron Payne,Philadelphia,"$1,127,841","$712,637",GUARANTEED,,,,,,,,,,,,,,,,"$4,131,268"
Jabari Walker,Philadelphia,"$724,598","$724,598",GUARANTEED,"$2,584,539","$250,000",PARTIAL G,,,,,,,,,,,,,"$2,994,297"
MarJon Beauchamp,Philadelphia,"$347,451",$0,TWO-WAY,,,,,,,,,,,,,,,,$0
Dalen Terry,Philadelphia,"$199,463",$0,TWO-WAY,,,,,,,,,,,,,,,,"$3,510,480"
Tyrese Martin,Philadelphia,"$170,508",$0,TWO-WAY,,,,,,,,,,,,,,,,"$635,853"
Devin Booker,Phoenix,"$53,142,264","$53,142,264",GUARANTEED,"$57,078,728","$57,078,728",GUARANTEED,"$61,015,192","$61,015,192",GUARANTEED,"$69,877,500","$69,877,500",GUARANTEED,"$75,467,700","$75,467,700",GUARANTEED,,,,"$365,787,184"
Jalen Green,Phoenix,"$33,584,499","$33,584,499",GUARANTEED,"$36,251,166","$36,251,166",GUARANTEED,"$36,000,000","$36,000,000",PLAYER OPT,,,,,,,,,,"$118,318,713"
Dillon Brooks,Phoenix,"$21,124,110","$21,124,110",GUARANTEED,"$19,992,727","$19,992,727",GUARANTEED,,,,,,,,,,,,,"$64,372,330"
Grayson Allen,Phoenix,"$16,875,000","$16,875,000",GUARANTEED,"$18,125,000","$18,125,000",GUARANTEED,"$19,375,000","$19,375,000",PLAYER OPT,,,,,,,,,,"$70,000,000"
Royce O'Neale,Phoenix,"$10,125,000","$10,125,000",GUARANTEED,"$10,875,000","$10,875,000",GUARANTEED,"$11,625,000","$11,625,000",GUARANTEED,,,,,,,,,,"$42,000,000"
Mark Williams,Phoenix,"$6,276,531","$6,276,531",GUARANTEED,,,,,,,,,,,,,,,,"$10,370,811"
Khaman Maluach,Phoenix,"$6,016,080","$6,016,080",GUARANTEED,"$6,316,680","$6,316,680",GUARANTEED,"$6,617,160",$0,TEAM OPT,"$8,436,879",$0,TEAM OPT,,,,,,,"$12,332,760"
Amir Coffey,Phoenix,"$2,874,436","$2,296,274",GUARANTEED,,,,,,,,,,,,,,,,"$6,812,707"
Cole Anthony,Phoenix,"$2,667,947","$2,296,274",GUARANTEED,,,,,,,,,,,,,,,,"$15,567,947"
Ryan Dunn,Phoenix,"$2,657,760","$2,657,760",GUARANTEED,"$2,784,240","$2,784,240",GUARANTEED,"$5,025,553",$0,TEAM OPT,,,,,,,,,,"$7,972,800"
Collin Gillespie,Phoenix,"$2,378,870","$2,296,274",GUARANTEED,,,,,,,,,,,,,,,,"$2,378,870"
Jordan Goodwin,Phoenix,"$2,349,578","$2,349,578",GUARANTEED,,,,,,,,,,,,,,,,"$2,573,296"
Oso Ighodaro,Phoenix,"$1,955,377","$1,955,377",GUARANTEED,"$2,296,271","$250,000",PARTIAL G,"$2,486,995",$0,TEAM OPT,,,,,,,,,,"$3,362,530"
Rasheer Fleming,Phoenix,"$1,272,870","$1,272,870",GUARANTEED,"$2,150,917","$2,150,917",GUARANTEED,"$2,525,901","$2,150,917",GUARANTEED,"$2,735,698",$0,TEAM OPT,,,,,,,"$5,949,688"
Haywood Highsmith,Phoenix,"$827,984","$827,984",GUARANTEED,"$3,018,158","$1,000,000",PARTIAL G,,,,,,,,,,,,,"$7,027,984"
Isaiah Livers,Phoenix,"$636,435",$0,TWO-WAY,,,,,,,,,,,,,,,,$0
Koby Brea,Phoenix,"$636,435",$0,TWO-WAY,,,,,,,,,,,,,,,,$0
Jamaree Bouyea,Phoenix,"$469,702",$0,TWO-WAY,,,,,,,,,,,,,,,,$0
Jrue Holiday,Portland,"$32,400,000","$32,400,000",GUARANTEED,"$34,800,000","$34,800,000",GUARANTEED,"$37,200,000","$37,200,000",PLAYER OPT,,,,,,,,,,"$134,400,000"
Jerami Grant,Portland,"$32,000,001","$32,000,001",GUARANTEED,"$34,206,898","$34,206,898",GUARANTEED,"$36,413,790","$36,413,790",PLAYER OPT,,,,,,,,,,"$132,413,793"
Deni Avdija,Portland,"$14,375,000","$14,375,000",GUARANTEED,"$13,125,000","$13,125,000",GUARANTEED,"$11,875,000","$11,875,000",GUARANTEED,,,,,,,,,,"$55,000,000"
Damian Lillard,Portland,"$14,104,000","$14,104,000",GUARANTEED,"$13,398,800","$13,398,800",GUARANTEED,"$14,104,000","$14,104,000",PLAYER OPT,,,,,,,,,,"$90,394,476"
Robert Williams,Portland,"$13,285,713","$13,285,713",GUARANTEED,,,,,,,,,,,,,,,,"$25,714,284"
Matisse Thybulle,Portland,"$11,550,000","$11,550,000",GUARANTEED,,,,,,,,,,,,,,,,"$22,575,000"
Scoot Henderson,Portland,"$10,748,040","$10,748,040",GUARANTEED,"$13,585,523","$13,585,523",GUARANTEED,,,,,,,,,,,,,"$34,592,723"
Shaedon Sharpe,Portland,"$8,399,983","$8,399,983",GUARANTEED,"$20,089,286","$20,089,286",GUARANTEED,"$21,696,429","$21,696,429",GUARANTEED,"$23,303,571","$23,303,571",GUARANTEED,"$24,910,714","$24,910,714",GUARANTEED,,,,"$105,014,143"
Donovan Clingan,Portland,"$7,178,400","$7,178,400",GUARANTEED,"$7,519,920","$7,519,920",GUARANTEED,"$9,550,298",$0,TEAM OPT,,,,,,,,,,"$21,534,720"
Yang Hansen,Portland,"$4,422,360","$4,422,360",GUARANTEED,"$4,643,520","$4,643,520",GUARANTEED,"$4,864,920",$0,TEAM OPT,"$7,462,787",$0,TEAM OPT,,,,,,,"$9,065,880"
Kris Murray,Portland,"$3,132,000","$3,132,000",GUARANTEED,"$5,315,004","$5,315,004",GUARANTEED,,,,,,,,,,,,,"$11,437,044"
Blake Wesley,Portland,"$2,378,870","$2,296,274",GUARANTEED,,,,,,,,,,,,,,,,"$5,003,150"
Vit Krejci,Portland,"$2,349,578","$2,349,578",GUARANTEED,"$2,667,944",$0,NOT G,"$3,005,085",$0,TEAM OPT,,,,,,,,,,"$4,512,184"
Toumani Camara,Portland,"$2,221,677","$2,221,677",GUARANTEED,"$18,080,358","$18,080,358",GUARANTEED,"$19,526,786","$19,526,786",GUARANTEED,"$20,973,214","$20,973,214",GUARANTEED,"$22,419,642","$22,419,642",GUARANTEED,,,,"$85,113,534"
Sidy Cissoko,Portland,"$686,243","$686,243",GUARANTEED,"$2,497,812",$0,NOT G,,,,,,,,,,,,,"$686,243"
Caleb Love,Portland,"$636,435",$0,TWO-WAY,,,,,,,,,,,,,,,,$0
Javonte Cooke,Portland,"$636,435",$0,TWO-WAY,"$679,042",$0,TWO-WAY,,,,,,,,,,,,,$0
Zach LaVine,Sacramento,"$47,499,660","$47,499,660",GUARANTEED,"$48,967,380","$48,967,380",PLAYER OPT,,,,,,,,,,,,,"$140,998,980"
Domantas Sabonis,Sacramento,"$42,336,000","$42,336,000",GUARANTEED,"$45,472,000","$45,472,000",GUARANTEED,"$48,608,000","$48,608,000",GUARANTEED,,,,,,,,,,"$175,616,000"
DeMar DeRozan,Sacramento,"$24,570,000","$24,570,000",GUARANTEED,"$25,740,000","$10,000,000",PARTIAL G,,,,,,,,,,,,,"$57,970,000"
De'Andre Hunter,Sacramento,"$23,303,571","$23,303,571",GUARANTEED,"$24,910,714","$24,910,714",GUARANTEED,,,,,,,,,,,,,"$69,910,714"
Malik Monk,Sacramento,"$18,797,619","$18,797,619",GUARANTEED,"$20,190,035","$20,190,035",GUARANTEED,"$21,582,451","$21,582,451",PLAYER OPT,,,,,,,,,,"$77,975,308"
Keegan Murray,Sacramento,"$11,144,093","$11,144,093",GUARANTEED,"$24,137,936","$24,137,936",GUARANTEED,"$26,068,965","$26,068,965",GUARANTEED,"$27,999,999","$27,999,999",GUARANTEED,"$29,931,033","$29,931,033",GUARANTEED,"$31,862,067","$31,862,067",GUARANTEEED,"$159,953,653"
Devin Carter,Sacramento,"$4,923,720","$4,923,720",GUARANTEED,"$5,158,080","$5,158,080",GUARANTEED,"$7,370,896",$0,TEAM OPT,,,,,,,,,,"$14,770,800"
Russell Westbrook,Sacramento,"$3,634,153","$2,296,274",GUARANTEED,,,,,,,,,,,,,,,,"$6,937,924"
Doug McDermott,Sacramento,"$3,634,153","$2,296,274",GUARANTEED,,,,,,,,,,,,,,,,"$6,937,924"
Nique Clifford,Sacramento,"$3,108,120","$3,108,120",GUARANTEED,"$3,263,400","$3,263,400",GUARANTEED,"$3,418,800",$0,TEAM OPT,"$5,979,481",$0,TEAM OPT,,,,,,,"$6,371,520"
Drew Eubanks,Sacramento,"$3,080,921","$2,296,274",GUARANTEED,,,,,,,,,,,,,,,,"$8,080,921"
Precious Achiuwa,Sacramento,"$2,453,285","$2,111,516",GUARANTEED,,,,,,,,,,,,,,,,"$8,453,285"
Maxime Raynaud,Sacramento,"$1,272,870","$1,272,870",GUARANTEED,"$2,150,917","$2,150,917",GUARANTEED,"$2,525,901",$0,TEAM OPT,,,,,,,,,,"$3,423,787"
Dylan Cardwell,Sacramento,"$871,000","$871,000",GUARANTEED,"$2,150,917","$2,150,917",GUARANTEED,"$2,525,901",$0,NOT G,"$2,735,698",$0,TEAM OPT,,,,,,,"$3,021,917"
Daeqwon Plowden,Sacramento,"$636,435",$0,TWO-WAY,,,,,,,,,,,,,,,,$0
Isaiah Stevens,Sacramento,"$636,435",$0,TWO-WAY,"$679,042",$0,TWO-WAY,,,,,,,,,,,,,$0
Patrick Baldwin,Sacramento,"$160,857",$0,TWO-WAY,,,,,,,,,,,,,,,,$0
Killian Hayes,Sacramento,"$153,330","$131,970",10-DAY,,,,,,,,,,,,,,,,"$131,970"
De'Aaron Fox,San Antonio,"$37,096,620","$37,096,620",GUARANTEED,"$51,033,600","$51,033,600",GUARANTEED,"$55,116,288","$55,116,288",GUARANTEED,"$59,198,976","$59,198,976",GUARANTEED,"$63,281,664","$63,281,664",GUARANTEED,,,,"$300,575,488"
Devin Vassell,San Antonio,"$27,000,000","$27,000,000",GUARANTEED,"$27,000,000","$27,000,000",GUARANTEED,"$24,652,174","$24,652,174",GUARANTEED,"$27,000,000","$27,000,000",GUARANTEED,,,,,,,"$135,000,000"
Harrison Barnes,San Antonio,"$19,000,000","$19,000,000",GUARANTEED,,,,,,,,,,,,,,,,"$37,000,000"
Keldon Johnson,San Antonio,"$17,500,000","$17,500,000",GUARANTEED,"$17,500,000","$17,500,000",GUARANTEED,,,,,,,,,,,,,"$54,000,000"
Kelly Olynyk,San Antonio,"$13,445,122","$13,445,122",GUARANTEED,,,,,,,,,,,,,,,,"$26,250,000"
Victor Wembanyama,San Antonio,"$13,376,880","$13,376,880",GUARANTEED,"$16,868,246","$16,868,246",GUARANTEED,,,,,,,,,,,,,"$43,014,086"
Dylan Harper,San Antonio,"$12,370,320","$12,370,320",GUARANTEED,"$12,989,040","$12,989,040",GUARANTEED,"$13,607,760",$0,TEAM OPT,"$17,172,993",$0,TEAM OPT,,,,,,,"$25,359,360"
Luke Kornet,San Antonio,"$11,000,000","$11,000,000",GUARANTEED,"$10,450,000","$10,450,000",GUARANTEED,"$9,900,000","$2,550,000",PARTIAL G,"$9,350,000","$9,350,000",GUARANTEED,,,,,,,"$36,150,834"
Stephon Castle,San Antonio,"$9,560,520","$9,560,520",GUARANTEED,"$10,015,920","$10,015,920",GUARANTEED,"$12,670,139",$0,TEAM OPT,,,,,,,,,,"$28,681,560"
Carter Bryant,San Antonio,"$4,900,320","$4,900,320",GUARANTEED,"$5,145,360","$5,145,360",GUARANTEED,"$5,390,640",$0,TEAM OPT,"$7,983,538",$0,TEAM OPT,,,,,,,"$10,045,680"
Bismack Biyombo,San Antonio,"$3,634,153","$2,296,274",GUARANTEED,,,,,,,,,,,,,,,,"$4,431,615"
Julian Champagnie,San Antonio,"$3,000,000","$3,000,000",GUARANTEED,"$3,000,000",$0,TEAM OPT,,,,,,,,,,,,,"$6,000,000"
Jordan McLaughlin,San Antonio,"$2,874,436","$2,296,274",GUARANTEED,,,,,,,,,,,,,,,,"$5,299,839"
Lindy Waters III,San Antonio,"$2,461,463","$2,296,274",GUARANTEED,,,,,,,,,,,,,,,,"$4,658,433"
David Jones,San Antonio,"$636,435",$0,TWO-WAY,,,,,,,,,,,,,,,,$0
Harrison Ingram,San Antonio,"$636,435",$0,TWO-WAY,,,,,,,,,,,,,,,,$0
Mason Plumlee,San Antonio,"$208,859","$131,970",10-DAY,,,,,,,,,,,,,,,,"$3,435,741"
Emanuel Miller,San Antonio,"$157,640",$0,TWO-WAY,,,,,,,,,,,,,,,,$0
Scottie Barnes,Toronto,"$38,661,750","$38,661,750",GUARANTEED,"$41,754,690","$41,754,690",GUARANTEED,"$44,847,630","$44,847,630",GUARANTEED,"$47,940,570","$47,940,570",GUARANTEED,"$51,033,444","$51,033,444",GUARANTEED,,,,"$234,369,064"
Brandon Ingram,Toronto,"$38,095,238","$38,095,238",GUARANTEED,"$40,000,000","$40,000,000",GUARANTEED,"$41,904,762","$41,904,762",PLAYER OPT,,,,,,,,,,"$156,016,200"
Immanuel Quickley,Toronto,"$32,500,000","$32,500,000",GUARANTEED,"$32,500,000","$32,500,000",GUARANTEED,"$32,500,000","$32,500,000",GUARANTEED,"$32,500,000","$32,500,000",GUARANTEED,,,,,,,"$162,500,000"
RJ Barrett,Toronto,"$27,705,357","$27,705,357",GUARANTEED,"$29,616,071","$29,616,071",GUARANTEED,,,,,,,,,,,,,"$83,116,071"
Jakob Poeltl,Toronto,"$19,500,000","$19,500,000",GUARANTEED,"$19,500,000","$19,500,000",GUARANTEED,"$27,300,000","$27,300,000",GUARANTEED,"$29,484,000","$29,484,000",GUARANTEED,"$29,484,000","$5,000,000",PARTIAL G,,,,"$120,284,000"
Collin Murray-Boyles,Toronto,"$6,332,520","$6,332,520",GUARANTEED,"$6,649,560","$6,649,560",GUARANTEED,"$6,966,000",$0,TEAM OPT,"$8,874,684",$0,TEAM OPT,,,,,,,"$12,982,080"
Gradey Dick,Toronto,"$4,990,560","$4,990,560",GUARANTEED,"$7,131,510","$7,131,510",GUARANTEED,,,,,,,,,,,,,"$16,885,830"
Ja'Kobe Walter,Toronto,"$3,638,160","$3,638,160",GUARANTEED,"$3,811,800","$3,811,800",GUARANTEED,"$5,870,172",$0,TEAM OPT,,,,,,,,,,"$10,914,960"
Garrett Temple,Toronto,"$3,634,153","$2,296,274",GUARANTEED,,,,,,,,,,,,,,,,"$6,937,924"
Sandro Mamukelashvili,Toronto,"$2,461,463","$2,461,463",GUARANTEED,"$2,801,346","$2,801,346",PLAYER OPT,,,,,,,,,,,,,"$7,425,415"
Trayce Jackson-Davis,Toronto,"$2,221,677","$2,221,677",GUARANTEED,"$2,406,205",$0,TEAM OPT,,,,,,,,,,,,,"$4,113,534"
Jamal Shead,Toronto,"$1,955,377","$1,955,377",GUARANTEED,"$2,296,271",$0,NOT G,,,,,,,,,,,,,"$3,817,642"
Jamison Battle,Toronto,"$1,955,377","$1,955,377",GUARANTEED,"$2,296,271",$0,NOT G,,,,,,,,,,,,,"$2,955,377"
Jonathan Mogbo,Toronto,"$1,955,377","$1,955,377",GUARANTEED,"$2,296,271",$0,TEAM OPT,,,,,,,,,,,,,"$3,817,642"
AJ Lawson,Toronto,"$636,435",$0,TWO-WAY,,,,,,,,,,,,,,,,"$100,000"
Alijah Martin,Toronto,"$636,435",$0,TWO-WAY,,,,,,,,,,,,,,,,$0
Chucky Hepburn,Toronto,"$636,435",$0,TWO-WAY,,,,,,,,,,,,,,,,$0
Lauri Markkanen,Utah,"$46,394,100","$46,394,100",GUARANTEED,"$46,113,154","$46,113,154",GUARANTEED,"$49,824,681","$49,824,681",GUARANTEED,"$53,536,209","$53,536,209",GUARANTEED,,,,,,,"$238,044,544"
Jaren Jackson Jr,Utah,"$35,000,000","$35,000,000",GUARANTEED,"$49,000,000","$49,000,000",GUARANTEED,"$50,500,000","$50,500,000",GUARANTEED,"$52,000,000","$52,000,000",GUARANTEED,"$53,500,000","$53,500,000",PLAYER OPT,,,,"$265,257,798"
Jusuf Nurkic,Utah,"$19,375,000","$19,375,000",GUARANTEED,,,,,,,,,,,,,,,,"$37,500,000"
Ace Bailey,Utah,"$9,069,840","$9,069,840",GUARANTEED,"$9,523,080","$9,523,080",GUARANTEED,"$9,976,560",$0,TEAM OPT,"$12,640,302",$0,TEAM OPT,,,,,,,"$18,592,920"
John Konchar,Utah,"$6,165,000","$6,165,000",GUARANTEED,"$6,165,000","$6,165,000",GUARANTEED,,,,,,,,,,,,,"$18,495,000"
Cody Williams,Utah,"$5,742,480","$5,742,480",GUARANTEED,"$6,015,600","$6,015,600",GUARANTEED,"$7,669,890",$0,TEAM OPT,,,,,,,,,,"$17,227,200"
Walker Kessler,Utah,"$4,878,938","$4,878,938",GUARANTEED,,,,,,,,,,,,,,,,"$7,844,858"
Keyonte George,Utah,"$4,278,960","$4,278,960",GUARANTEED,"$6,563,925","$6,563,925",GUARANTEED,,,,,,,,,,,,,"$14,927,085"
Kevin Love,Utah,"$4,150,000","$4,150,000",GUARANTEED,,,,,,,,,,,,,,,,"$8,000,000"
Sviatoslav Mykhailiuk,Utah,"$3,675,000","$3,675,000",GUARANTEED,"$3,850,000",$0,NOT G,"$4,025,000",$0,NOT G,,,,,,,,,,"$7,175,000"
Kyle Filipowski,Utah,"$3,000,000","$3,000,000",GUARANTEED,"$3,000,000",$0,NOT G,"$3,000,000",$0,TEAM OPT,,,,,,,,,,"$6,000,000"
Brice Sensabaugh,Utah,"$2,693,760","$2,693,760",GUARANTEED,"$4,862,237","$4,862,237",GUARANTEED,,,,,,,,,,,,,"$10,127,477"
Isaiah Collier,Utah,"$2,638,200","$2,638,200",GUARANTEED,"$2,763,960","$2,763,960",GUARANTEED,"$4,988,948",$0,TEAM OPT,,,,,,,,,,"$7,914,840"
Vince Williams Jr,Utah,"$2,301,587","$2,301,587",GUARANTEED,"$2,489,752",$0,TEAM OPT,,,,,,,,,,,,,"$4,422,280"
Oscar Tshiebwe,Utah,"$636,435",$0,TWO-WAY,,,,,,,,,,,,,,,,$0
Elijah Harkless,Utah,"$636,435",$0,TWO-WAY,,,,,,,,,,,,,,,,$0
Blake Hinson,Utah,"$202,680",$0,TWO-WAY,"$679,042",$0,TWO-WAY,,,,,,,,,,,,,$0
Anthony Davis,Washington,"$54,126,450","$54,126,450",GUARANTEED,"$58,456,566","$58,456,566",GUARANTEED,"$62,786,682","$62,786,682",PLAYER OPT,,"$121,243,248",,,,,,,,"$339,832,386"
Trae Young,Washington,"$46,394,100","$46,394,100",GUARANTEED,"$48,967,380","$48,967,380",PLAYER OPT,,,,,,,,,,,,,"$138,393,420"
Alex Sarr,Washington,"$11,808,240","$11,808,240",GUARANTEED,"$12,370,680","$12,370,680",GUARANTEED,"$15,611,798",$0,TEAM OPT,,,,,,,,,,"$35,424,600"
Tre Johnson,Washington,"$8,237,640","$8,237,640",GUARANTEED,"$8,649,600","$8,649,600",GUARANTEED,"$9,061,680",$0,TEAM OPT,"$11,490,210",$0,TEAM OPT,,,,,,,"$16,887,240"
Bilal Coulibaly,Washington,"$7,275,600","$7,275,600",GUARANTEED,"$9,240,012","$9,240,012",GUARANTEED,,,,,,,,,,,,,"$23,460,852"
Jaden Hardy,Washington,"$6,000,000","$6,000,000",GUARANTEED,"$6,000,000","$6,000,000",GUARANTEED,"$6,000,000",$0,TEAM OPT,,,,,,,,,,"$14,019,699"
D'Angelo Russell,Washington,"$5,685,000","$5,685,000",GUARANTEED,"$5,969,250","$5,969,250",PLAYER OPT,,,,,,,,,,,,,"$30,346,557"
Carlton Carrington,Washington,"$4,677,600","$4,677,600",GUARANTEED,"$4,900,560","$4,900,560",GUARANTEED,"$7,257,729",$0,TEAM OPT,,,,,,,,,,"$14,033,040"
Cam Whitmore,Washington,"$3,539,760","$3,539,760",GUARANTEED,"$5,458,310","$5,458,310",GUARANTEED,,,,,,,,,,,,,"$12,377,150"
Will Riley,Washington,"$3,512,520","$3,512,520",GUARANTEED,"$3,688,320","$3,688,320",GUARANTEED,"$3,864,000",$0,TEAM OPT,"$6,155,352",$0,TEAM OPT,,,,,,,"$7,200,840"
Tristan Vukcevic,Washington,"$3,000,000","$3,000,000",GUARANTEED,"$3,000,000","$3,000,000",GUARANTEED,"$3,000,000",$0,TEAM OPT,,,,,,,,,,"$6,000,000"
Kyshawn George,Washington,"$2,966,760","$2,966,760",GUARANTEED,"$3,108,000","$3,108,000",GUARANTEED,"$5,435,892",$0,TEAM OPT,,,,,,,,,,"$8,900,280"
Anthony Gill,Washington,"$2,667,947","$2,296,274",GUARANTEED,,,,,,,,,,,,,,,,"$4,905,638"
Justin Champagnie,Washington,"$2,349,578","$2,349,578",GUARANTEED,"$2,667,944",$0,NOT G,"$3,005,085",$0,TEAM OPT,,,,,,,,,,"$4,149,578"
Jamir Watkins,Washington,"$636,435",$0,TWO-WAY,,,,,,,,,,,,,,,,$0
Sharife Cooper,Washington,"$636,435",$0,TWO-WAY,,,,,,,,,,,,,,,,$0
Leaky Black,Washington,"$164,074",$0,TWO-WAY,,,,,,,,,,,,,,,,$0
Alondes Williams,Washington,"$136,717","$131,970",10-DAY,,,,,,,,,,,,,,,,"$131,970"
Malik Beasley,,,,,,,,,,,,,,,,,,,,"$6,000,000"
Chris Paul,,,,,,,,,,,,,,,,,,,,"$10,983,000"
Spencer Dinwiddie,,,,,,,,,,,,,,,,,,,,"$3,303,771"
Lonzo Ball,,,,,,,,,,,,,,,,,,,,"$21,395,348"
Orlando Robinson,,,,,,,,,,,,,,,,,,,,$0
Georges Niang,,,,,,,,,,,,,,,,,,,,"$8,500,000"
Jeremiah Robinson-Earl,,,,,,,,,,,,,,,,,,,,"$2,196,970"
Keon Johnson,,,,,,,,,,,,,,,,,,,,"$2,162,606"
Tony Bradley,,,,,,,,,,,,,,,,,,,,"$330,395"
Trey Lyles,,,,,,,,,,,,,,,,,,,,"$8,000,000"
Duop Reath,,,,,,,,,,,,,,,,,,,,"$2,048,780"
Jared Butler,,,,,,,,,,,,,,,,,,,,"$745,726"
Johnny Juzang,,,,,,,,,,,,,,,,,,,,"$3,087,519"
Cory Joseph,,,,,,,,,,,,,,,,,,,,"$3,303,771"
Jeff Dowtin,,,,,,,,,,,,,,,,,,,,$0
Alec Burks,,,,,,,,,,,,,,,,,,,,"$3,303,771"
Lonnie Walker,,,,,,,,,,,,,,,,,,,,"$780,932"
Kai Jones,,,,,,,,,,,,,,,,,,,,$0
Malaki Branham,,,,,,,,,,,,,,,,,,,,"$3,217,920"
Ricky Council IV,,,,,,,,,,,,,,,,,,,,"$1,891,857"
Richaun Holmes,,,,,,,,,,,,,,,,,,,,"$12,648,321"
Talen Horton-Tucker,,,,,,,,,,,,,,,,,,,,"$2,425,403"
DaQuan Jeffries,,,,,,,,,,,,,,,,,,,,"$2,425,404"
Jared Rhoden,,,,,,,,,,,,,,,,,,,,$0
Colby Jones,,,,,,,,,,,,,,,,,,,,"$2,120,691"
Bol Bol,,,,,,,,,,,,,,,,,,,,"$2,425,403"
Keion Brooks,,,,,,,,,,,,,,,,,,,,$0
Delon Wright,,,,,,,,,,,,,,,,,,,,"$3,003,427"
Kessler Edwards,,,,,,,,,,,,,,,,,,,,$0
Garrison Mathews,,,,,,,,,,,,,,,,,,,,"$2,230,253"
Hunter Tyson,,,,,,,,,,,,,,,,,,,,"$1,891,857"
Dante Exum,,,,,,,,,,,,,,,,,,,,"$3,150,000"
Maxwell Lewis,,,,,,,,,,,,,,,,,,,,"$1,891,857"
Ben Simmons,,,,,,,,,,,,,,,,,,,,"$1,082,061"
Torrey Craig,,,,,,,,,,,,,,,,,,,,"$1,046,289"
Lamar Stevens,,,,,,,,,,,,,,,,,,,,"$411,529"
KJ Martin,,,,,,,,,,,,,,,,,,,,"$7,975,000"
Alex Reese,,,,,,,,,,,,,,,,,,,,$0
Chris Youngblood,,,,,,,,,,,,,,,,,,,,$0
Chuma Okeke,,,,,,,,,,,,,,,,,,,,"$115,743"
Kevin Knox,,,,,,,,,,,,,,,,,,,,"$330,395"
Cody Martin,,,,,,,,,,,,,,,,,,,,"$8,120,000"
Marcus Bagley,,,,,,,,,,,,,,,,,,,,$0
Chris Boucher,,,,,,,,,,,,,,,,,,,,"$10,810,000"
Jalen Hood-Schifino,,,,,,,,,,,,,,,,,,,,$0
Elfrid Payton,,,,,,,,,,,,,,,,,,,,"$34,351"
Trevelin Queen,,,,,,,,,,,,,,,,,,,,$0
Jaylen Martin,,,,,,,,,,,,,,,,,,,,$0
Shake Milton,,,,,,,,,,,,,,,,,,,,"$2,875,000"
Markelle Fultz,,,,,,,,,,,,,,,,,,,,"$981,902"
Reece Beekman,,,,,,,,,,,,,,,,,,,,$0
Moses Brown,,,,,,,,,,,,,,,,,,,,$0
Tristan Thompson,,,,,,,,,,,,,,,,,,,,"$3,303,771"
Cole Swider,,,,,,,,,,,,,,,,,,,,$0
Monte Morris,,,,,,,,,,,,,,,,,,,,"$2,800,834"
JT Thor,,,,,,,,,,,,,,,,,,,,$0
Jaden Springer,,,,,,,,,,,,,,,,,,,,"$634,437"
Dariq Whitehead,,,,,,,,,,,,,,,,,,,,"$3,114,240"
Lester Quinones,,,,,,,,,,,,,,,,,,,,$0
Kadary Richmond,,,,,,,,,,,,,,,,,,,,$0
Adam Flagler,,,,,,,,,,,,,,,,,,,,$0
Patrick Mills,,,,,,,,,,,,,,,,,,,,"$3,303,771"
Oshae Brissett,,,,,,,,,,,,,,,,,,,,$0
Luke Travers,,,,,,,,,,,,,,,,,,,,$0
Damion Baugh,,,,,,,,,,,,,,,,,,,,$0
Taj Gibson,,,,,,,,,,,,,,,,,,,,"$3,303,771"
Skal Labissiere,,,,,,,,,,,,,,,,,,,,$0
N'Faly Dante,,,,,,,,,,,,,,,,,,,,$0
Jacob Toppin,,,,,,,,,,,,,,,,,,,,$0
Chris Livingston,,,,,,,,,,,,,,,,,,,,"$1,891,857"
Eric Gordon,,,,,,,,,,,,,,,,,,,,$0
Jaylen Sims,,,,,,,,,,,,,,,,,,,,$0
Alex Ducas,,,,,,,,,,,,,,,,,,,,$0
Lawson Lovering,,,,,,,,,,,,,,,,,,,,$0
Nigel Hayes,,,,,,,,,,,,,,,,,,,,$0
Malachi Flynn,,,,,,,,,,,,,,,,,,,,$0
Tyler Smith,,,,,,,,,,,,,,,,,,,,"$1,157,153"
Jackson Rowe,,,,,,,,,,,,,,,,,,,,$0
Emoni Bates,,,,,,,,,,,,,,,,,,,,$0
Markieff Morris,,,,,,,,,,,,,,,,,,,,"$3,303,771"
Damion Lee,,,,,,,,,,,,,,,,,,,,"$2,800,834"
Drew Peterson,,,,,,,,,,,,,,,,,,,,$0
Josh Christopher,,,,,,,,,,,,,,,,,,,,$0
Marcus Garrett,,,,,,,,,,,,,,,,,,,,$0
Justin Minaya,,,,,,,,,,,,,,,,,,,,$0
Charles Bassey,,,,,,,,,,,,,,,,,,,,"$2,162,606"
David Roddy,,,,,,,,,,,,,,,,,,,,$0
Mo Bamba,,,,,,,,,,,,,,,,,,,,$0
Mark Sears,,,,,,,,,,,,,,,,,,,,$0
Alex Len,,,,,,,,,,,,,,,,,,,,"$1,177,206"
Dario Saric,,,,,,,,,,,,,,,,,,,,"$5,168,000"
Vlatko Cancar,,,,,,,,,,,,,,,,,,,,"$2,425,403"
Miles Norris,,,,,,,,,,,,,,,,,,,,$0
David Duke,,,,,,,,,,,,,,,,,,,,$0
Kylor Kelley,,,,,,,,,,,,,,,,,,,,$0
James Johnson,,,,,,,,,,,,,,,,,,,,"$3,303,771"
PJ Tucker,,,,,,,,,,,,,,,,,,,,"$246,833"
Yuri Collins,,,,,,,,,,,,,,,,,,,,$0
Stanley Umude,,,,,,,,,,,,,,,,,,,,$0
Isaiah Mobley,,,,,,,,,,,,,,,,,,,,$0
Braxton Key,,,,,,,,,,,,,,,,,,,,"$12,429"
Anton Watson,,,,,,,,,,,,,,,,,,,,$0
Mason Jones,,,,,,,,,,,,,,,,,,,,$0
Jalen Bridges,,,,,,,,,,,,,,,,,,,,$0
James Wiseman,,,,,,,,,,,,,,,,,,,,$0
Hunter Sallis,,,,,,,,,,,,,,,,,,,,$0
Jae Crowder,,,,,,,,,,,,,,,,,,,,"$2,620,232"
Trentyn Flowers,,,,,,,,,,,,,,,,,,,,$0
Keshon Gilbert,,,,,,,,,,,,,,,,,,,,$0
Terry Taylor,,,,,,,,,,,,,,,,,,,,$0
Terence Davis,,,,,,,,,,,,,,,,,,,,"$64,301"
Jalen McDaniels,,,,,,,,,,,,,,,,,,,,$0
Jack McVeigh,,,,,,,,,,,,,,,,,,,,$0
Matt Ryan,,,,,,,,,,,,,,,,,,,,$0
Nikola Djurisic,,,,,,,,,,,,,,,,,,,,$0
Malcolm Brogdon,,,,,,,,,,,,,,,,,,,,"$22,500,000"
BJ Boston,,,,,,,,,,,,,,,,,,,,"$596,581"
Jazian Gortman,,,,,,,,,,,,,,,,,,,,$0
Chris Duarte,,,,,,,,,,,,,,,,,,,,$0
Ulrich Chomche,,,,,,,,,,,,,,,,,,,,$0
Zyon Pullin,,,,,,,,,,,,,,,,,,,,$0
Cam Reddish,,,,,,,,,,,,,,,,,,,,$0
Jahmyl Telfort,,,,,,,,,,,,,,,,,,,,$0
Phillip Wheeler,,,,,,,,,,,,,,,,,,,,$0
Vasilije Micic,,,,,,,,,,,,,,,,,,,,"$7,723,000"